Date,Open,High,Low,Close,Adj_Close,Volume
2017-01-02,13.73569,13.75128,13.65,13.73569,13.73569,0
2017-01-03,13.7103,13.8271,13.675,13.7104,13.7104,0
2017-01-04,13.7891,13.80358,13.5803,13.79659,13.79659,0
2017-01-05,13.59933,13.73718,13.4809,13.5974,13.5974,0
2017-01-06,13.5715,13.71977,13.5575,13.5715,13.5715,0
2017-01-09,13.7451,13.79188,13.6476,13.7449,13.7449,0
2017-01-10,13.6459,13.7138,13.5825,13.6445,13.6445,0
2017-01-11,13.7279,13.96166,13.6419,13.7269,13.7269,0
2017-01-12,13.7156,13.76088,13.4082,13.7182,13.7182,0
2017-01-13,13.5213,13.58988,13.4468,13.523,13.523,0
2017-01-16,13.51858,13.69363,13.5074,13.52615,13.52615,0
2017-01-17,13.668,13.6754,13.4001,13.66298,13.66298,0
2017-01-18,13.45392,13.60131,13.44,13.45436,13.45436,0
2017-01-19,13.6262,13.67168,13.5254,13.6175,13.6175,0
2017-01-20,13.5417,13.63738,13.4952,13.542,13.542,0
2017-01-23,13.604,13.604,13.4663,13.60689,13.60689,0
2017-01-24,13.46354,13.48438,13.2911,13.4539,13.4539,0
2017-01-25,13.37095,13.39158,13.2242,13.36187,13.36187,0
2017-01-26,13.22937,13.37584,13.1871,13.2308,13.2308,0
2017-01-27,13.3361,13.59468,13.3226,13.33947,13.33947,0
2017-01-30,13.471,13.68128,13.4172,13.46817,13.46817,0
2017-01-31,13.50578,13.59148,13.35148,13.50808,13.50808,0
2017-02-01,13.46617,13.52541,13.3829,13.46736,13.46736,0
2017-02-02,13.45609,13.45923,13.314,13.4565,13.4565,0
2017-02-03,13.38578,13.45528,13.2026,13.3734,13.3734,0
2017-02-06,13.2602,13.41148,13.2225,13.2539,13.2539,0
2017-02-07,13.3003,13.46213,13.26074,13.28262,13.28262,0
2017-02-08,13.43407,13.51683,13.3849,13.4268,13.4268,0
2017-02-09,13.4062,13.4818,13.3468,13.4069,13.4069,0
2017-02-10,13.40408,13.43878,13.295,13.41819,13.41819,0
2017-02-13,13.35679,13.39878,13.2692,13.36888,13.36888,0
2017-02-14,13.31228,13.32428,13.0653,13.3152,13.3152,0
2017-02-15,13.08324,13.14688,12.9743,13.0766,13.0766,0
2017-02-16,12.90908,13.03865,12.8981,12.9007,12.9007,0
2017-02-17,13.01815,13.15275,12.954,13.0088,13.0088,0
2017-02-20,13.0648,13.17588,13.03078,13.06583,13.06583,0
2017-02-21,13.05248,13.18358,13.0388,13.05248,13.05248,0
2017-02-22,13.1396,13.17455,13.0443,13.14442,13.14442,0
2017-02-23,12.99738,13.02048,12.79219,12.99801,12.99801,0
2017-02-24,12.8567,12.98675,12.8525,12.8535,12.8535,0
2017-02-27,12.94428,12.98858,12.8659,12.9235,12.9235,0
2017-02-28,13.0007,13.09625,12.9417,12.9917,12.9917,0
2017-03-01,13.1229,13.14868,13.0247,13.1229,13.1229,0
2017-03-02,13.01395,13.12205,12.9775,13.0088,13.0088,0
2017-03-03,13.15172,13.17256,13.03368,13.1432,13.1432,0
2017-03-06,13.0093,13.06831,12.9238,12.9989,12.9989,0
2017-03-07,13.0043,13.02488,12.9233,13.0038,13.0038,0
2017-03-08,12.9582,13.11321,12.9312,12.9571,12.9571,0
2017-03-09,13.14038,13.31138,13.1229,13.14038,13.14038,0
2017-03-10,13.3064,13.3296,13.13032,13.3139,13.3139,0
2017-03-13,13.1954,13.19608,13.0639,13.19544,13.19544,0
2017-03-14,13.1156,13.237,13.0969,13.12288,13.12288,0
2017-03-15,13.14717,13.15508,13.0066,13.1397,13.1397,0
2017-03-16,12.79578,12.86318,12.6782,12.8094,12.8094,0
2017-03-17,12.7578,12.79255,12.7167,12.7574,12.7574,0
2017-03-20,12.69638,12.73234,12.6212,12.69895,12.69895,0
2017-03-21,12.63942,12.6979,12.5133,12.63802,12.63802,0
2017-03-22,12.6753,12.72855,12.5432,12.6719,12.6719,0
2017-03-23,12.55166,12.59161,12.4688,12.55937,12.55937,0
2017-03-24,12.46325,12.51078,12.4217,12.4556,12.4556,0
2017-03-27,12.4053,12.82137,12.2981,12.39896,12.39896,0
2017-03-28,12.737,13.08798,12.7275,12.7389,12.7389,0
2017-03-29,12.9711,13.1467,12.8972,12.97658,12.97658,0
2017-03-30,13.0437,13.09599,12.7814,13.0408,13.0408,0
2017-03-31,13.44119,13.61518,13.2666,13.4326,13.4326,0
2017-04-03,13.39077,13.70048,13.3532,13.35569,13.35569,0
2017-04-04,13.6906,13.928,13.4916,13.6907,13.6907,0
2017-04-05,13.59407,13.85689,13.46773,13.6013,13.6013,0
2017-04-06,13.78058,13.8731,13.7137,13.78008,13.78008,0
2017-04-07,13.73142,13.83618,13.69402,13.7719,13.7719,0
2017-04-10,13.77977,13.94258,13.7679,13.7577,13.7577,0
2017-04-11,13.9125,13.94158,13.7598,13.9137,13.9137,0
2017-04-12,13.7845,13.81978,13.5795,13.80515,13.80515,0
2017-04-13,13.4585,13.57898,13.3919,13.4618,13.4618,0
2017-04-14,13.40758,13.47369,13.3776,13.4381,13.4381,0
2017-04-17,13.39288,13.44002,13.2881,13.39268,13.39268,0
2017-04-18,13.2917,13.41692,13.2365,13.292,13.292,0
2017-04-19,13.2703,13.37512,13.2539,13.26328,13.26328,0
2017-04-20,13.2673,13.2895,13.1066,13.2651,13.2651,0
2017-04-21,13.13943,13.18928,13.114,13.1314,13.1314,0
2017-04-24,12.985,13.0374,12.8713,12.9809,12.9809,0
2017-04-25,13.0216,13.10367,12.9653,13.0195,13.0195,0
2017-04-26,13.0579,13.31088,13.0467,13.07068,13.07068,0
2017-04-27,13.25029,13.38447,13.1619,13.24742,13.24742,0
2017-04-28,13.3341,13.3839,13.22918,13.339,13.339,0
2017-05-01,13.34718,13.37938,13.2793,13.3338,13.3338,0
2017-05-02,13.38828,13.38964,13.2556,13.3858,13.3858,0
2017-05-03,13.338,13.41788,13.3017,13.3378,13.3378,0
2017-05-04,13.4293,13.61718,13.4122,13.4328,13.4328,0
2017-05-05,13.6438,13.70595,13.4617,13.6325,13.6325,0
2017-05-08,13.45078,13.60968,13.4207,13.45108,13.45108,0
2017-05-09,13.6035,13.7011,13.5566,13.60702,13.60702,0
2017-05-10,13.6183,13.6233,13.4187,13.6215,13.6215,0
2017-05-11,13.50079,13.52118,13.303,13.4883,13.4883,0
2017-05-12,13.3575,13.4757,13.3043,13.3558,13.3558,0
2017-05-15,13.3666,13.37411,13.1451,13.3668,13.3668,0
2017-05-16,13.1689,13.1862,13.0659,13.168,13.168,0
2017-05-17,13.06787,13.21859,13.0428,13.0707,13.0707,0
2017-05-18,13.2424,13.58204,13.2052,13.2572,13.2572,0
2017-05-19,13.4015,13.422,13.2067,13.40925,13.40925,0
2017-05-22,13.2023,13.27111,13.1314,13.2011,13.2011,0
2017-05-23,13.23928,13.3094,13.0185,13.2337,13.2337,0
2017-05-24,13.09216,13.1557,12.9123,13.092,13.092,0
2017-05-25,12.8912,12.93342,12.8342,12.8897,12.8897,0
2017-05-26,12.9147,12.979,12.8121,12.9161,12.9161,0
2017-05-29,12.82207,13.00757,12.8047,12.81991,12.81991,0
2017-05-30,12.9808,13.15817,12.9724,12.99144,12.99144,0
2017-05-31,13.10605,13.19978,13.0548,13.11018,13.11018,0
2017-06-01,13.0753,13.13987,12.9289,13.0755,13.0755,0
2017-06-02,12.8814,12.95822,12.7611,12.88739,12.88739,0
2017-06-05,12.8203,12.84768,12.6687,12.814,12.814,0
2017-06-06,12.6882,12.88672,12.6816,12.69053,12.69053,0
2017-06-07,12.81069,12.88454,12.7788,12.809,12.809,0
2017-06-08,12.81959,12.93163,12.7838,12.8157,12.8157,0
2017-06-09,12.91917,12.9549,12.8389,12.91717,12.91717,0
2017-06-12,12.9027,12.912,12.7762,12.91112,12.91112,0
2017-06-13,12.8184,12.82638,12.7399,12.81986,12.81986,0
2017-06-14,12.77228,12.77848,12.5767,12.77304,12.77304,0
2017-06-15,12.62922,12.8937,12.6066,12.62761,12.62761,0
2017-06-16,12.8713,12.91349,12.7926,12.8686,12.8686,0
2017-06-19,12.79961,13.05192,12.753,12.79301,12.79301,0
2017-06-20,12.97683,13.09998,12.9211,12.97757,12.97757,0
2017-06-21,13.0588,13.13086,12.992,13.0585,13.0585,0
2017-06-22,13.0587,13.0762,12.9402,13.0587,13.0587,0
2017-06-23,12.9623,13.00654,12.8951,12.9623,12.9623,0
2017-06-26,12.9111,12.93615,12.8174,12.9118,12.9118,0
2017-06-27,12.8555,12.98958,12.8008,12.8653,12.8653,0
2017-06-28,13.0095,13.0736,12.9252,13.00911,13.00911,0
2017-06-29,12.9257,13.03786,12.8689,12.9256,12.9256,0
2017-06-30,12.9826,13.13576,12.9758,12.9865,12.9865,0
2017-07-03,13.0498,13.24496,13.0367,13.0495,13.0495,0
2017-07-04,13.1944,13.27008,13.1518,13.1948,13.1948,0
2017-07-05,13.1833,13.49287,13.1421,13.1832,13.1832,0
2017-07-06,13.3885,13.50412,13.3363,13.3856,13.3856,0
2017-07-07,13.4096,13.52279,13.30902,13.4095,13.4095,0
2017-07-10,13.3759,13.46988,13.2897,13.3769,13.3769,0
2017-07-11,null,null,null,null,null,null
2017-07-12,13.5336,13.56268,13.2232,13.5336,13.5336,0
2017-07-13,13.2444,13.27297,13.1375,13.2431,13.2431,0
2017-07-14,13.21428,13.21646,12.9869,13.2,13.2,0
2017-07-17,13.0199,13.049,12.8816,13.0206,13.0206,0
2017-07-18,12.942,12.96449,12.8762,12.9416,12.9416,0
2017-07-19,12.9003,12.96332,12.8761,12.90289,12.90289,0
2017-07-20,12.9306,13.06537,12.9025,12.92828,12.92828,0
2017-07-21,13.0196,13.04348,12.856,13.0202,13.0202,0
2017-07-24,12.9008,13.00588,12.8695,12.9123,12.9123,0
2017-07-25,12.96215,13.04082,12.9072,12.9519,12.9519,0
2017-07-26,13.0646,13.08565,13.009,13.0649,13.0649,0
2017-07-27,12.8933,13.04088,12.8488,12.8931,12.8931,0
2017-07-28,13,13.06541,12.9698,13.00029,13.00029,0
2017-07-31,12.9877,13.24152,12.9783,12.989,12.989,0
2017-08-01,13.17358,13.3009,13.1466,13.1614,13.1614,0
2017-08-02,13.24291,13.31488,13.2034,13.24856,13.24856,0
2017-08-03,13.2136,13.40546,13.2015,13.2136,13.2136,0
2017-08-04,13.37953,13.48168,13.3102,13.3677,13.3677,0
2017-08-07,13.3999,13.44818,13.1902,13.4011,13.4011,0
2017-08-08,13.2174,13.26256,13.1026,13.21737,13.21737,0
2017-08-09,13.35244,13.5308,13.342,13.3561,13.3561,0
2017-08-10,13.43104,13.47008,13.3009,13.4259,13.4259,0
2017-08-11,13.4368,13.5118,13.4047,13.44798,13.44798,0
2017-08-14,13.4312,13.44089,13.2522,13.4314,13.4314,0
2017-08-15,13.29583,13.41048,13.2729,13.2929,13.2929,0
2017-08-16,13.3074,13.32968,13.1852,13.3074,13.3074,0
2017-08-17,13.1675,13.23655,13.1179,13.1689,13.1689,0
2017-08-18,13.24832,13.29245,13.1486,13.28479,13.28479,0
2017-08-21,13.1554,13.24658,13.1385,13.1594,13.1594,0
2017-08-22,13.15,13.23238,13.1249,13.1494,13.1494,0
2017-08-23,13.2006,13.27504,13.1791,13.2046,13.2046,0
2017-08-24,13.139,13.2329,13.136,13.1478,13.1478,0
2017-08-25,13.1906,13.21178,13.0186,13.19626,13.19626,0
2017-08-28,13.0063,13.07838,12.997,13.001,13.001,0
2017-08-29,13.0739,13.1183,12.9371,13.07415,13.07415,0
2017-08-30,12.9968,13.09533,12.9525,12.9891,12.9891,0
2017-08-31,13.01935,13.07498,12.979,13.0065,13.0065,0
2017-09-01,12.9879,13.02167,12.8464,12.9859,12.9859,0
2017-09-04,12.9345,12.98268,12.9026,12.94245,12.94245,0
2017-09-05,12.9463,12.98317,12.8488,12.9354,12.9354,0
2017-09-06,12.9012,12.94336,12.7628,12.9011,12.9011,0
2017-09-07,12.80108,12.8652,12.7602,12.7882,12.7882,0
2017-09-08,12.80566,12.94415,12.7529,12.79842,12.79842,0
2017-09-11,12.9082,12.95988,12.8606,12.903,12.903,0
2017-09-12,12.94745,13.0401,12.8728,12.96424,12.96424,0
2017-09-13,12.97738,13.1773,12.9609,12.97738,12.97738,0
2017-09-14,13.15495,13.24246,13.104,13.1409,13.1409,0
2017-09-15,13.1146,13.2153,13.0995,13.1165,13.1165,0
2017-09-18,13.16282,13.29451,13.1174,13.151,13.151,0
2017-09-19,13.29319,13.3442,13.2542,13.2846,13.2846,0
2017-09-20,13.32942,13.32942,13.2142,13.32448,13.32448,0
2017-09-21,13.3186,13.3969,13.2473,13.3195,13.3195,0
2017-09-22,13.2852,13.29842,13.1527,13.28398,13.28398,0
2017-09-25,13.23875,13.3495,13.2241,13.2344,13.2344,0
2017-09-26,13.3244,13.40218,13.2585,13.3251,13.3251,0
2017-09-27,13.36928,13.5964,13.3453,13.3591,13.3591,0
2017-09-28,13.5734,13.6974,13.4908,13.5739,13.5739,0
2017-09-29,13.4952,13.5558,13.4149,13.5101,13.5101,0
2017-10-02,13.548,13.6567,13.5466,13.5473,13.5473,0
2017-10-03,13.59368,13.76674,13.5687,13.5821,13.5821,0
2017-10-04,13.6419,13.6455,13.5332,13.6421,13.6421,0
2017-10-05,13.5698,13.66107,13.5601,13.5656,13.5656,0
2017-10-06,13.65832,13.81028,13.645,13.66414,13.66414,0
2017-10-09,13.7574,13.8569,13.6901,13.7562,13.7562,0
2017-10-10,13.79,13.80325,13.6051,13.7905,13.7905,0
2017-10-11,13.6835,13.69968,13.5094,13.6839,13.6839,0
2017-10-12,13.52278,13.54138,13.4331,13.5123,13.5123,0
2017-10-13,13.47418,13.48737,13.2529,13.4638,13.4638,0
2017-10-16,13.27021,13.3476,13.2498,13.2636,13.2636,0
2017-10-17,13.3174,13.4673,13.28878,13.32788,13.32788,0
2017-10-18,13.3912,13.57719,13.3743,13.3809,13.3809,0
2017-10-19,13.5542,13.5805,13.4967,13.554,13.554,0
2017-10-20,13.5032,13.74228,13.4914,13.504,13.504,0
2017-10-23,13.6796,13.76617,13.6379,13.6919,13.6919,0
2017-10-24,13.69585,13.77051,13.6624,13.687,13.687,0
2017-10-25,13.74319,14.0995,13.7076,13.7385,13.7385,0
2017-10-26,14.0739,14.2875,14.0158,14.0726,14.0726,0
2017-10-27,14.2252,14.35078,14.0966,14.23728,14.23728,0
2017-10-30,14.09962,14.1375,14.0111,14.09952,14.09952,0
2017-10-31,14.0338,14.17648,14.0009,14.0461,14.0461,0
2017-11-01,14.118,14.1641,14.0318,14.1193,14.1193,0
2017-11-02,14.0522,14.063,13.8941,14.0523,14.0523,0
2017-11-03,13.9724,14.2534,13.9615,13.972,13.972,0
2017-11-06,14.193,14.27605,14.141,14.1927,14.1927,0
2017-11-07,14.0927,14.24462,14.081,14.10259,14.10259,0
2017-11-08,14.2176,14.24308,14.0991,14.2086,14.2086,0
2017-11-09,14.14823,14.2945,14.0952,14.14794,14.14794,0
2017-11-10,14.24839,14.41005,14.2382,14.24815,14.24815,0
2017-11-13,14.3823,14.5708,14.3371,14.382,14.382,0
2017-11-14,14.4571,14.51488,14.3352,14.4579,14.4579,0
2017-11-15,14.3605,14.41912,14.3036,14.3602,14.3602,0
2017-11-16,null,null,null,null,null,null
2017-11-17,14.138,14.23172,13.9483,14.1383,14.1383,0
2017-11-20,13.9932,14.0817,13.9743,13.9932,13.9932,0
2017-11-21,14.0459,14.1422,13.955,14.0351,14.0351,0
2017-11-22,13.97192,13.99342,13.8221,13.9639,13.9639,0
2017-11-23,13.8248,13.91688,13.8159,13.8178,13.8178,0
2017-11-24,13.88578,14.03762,13.8316,13.8721,13.8721,0
2017-11-27,14.0262,14.10792,13.6677,14.04962,14.04962,0
2017-11-28,13.75397,13.8002,13.554,13.74909,13.74909,0
2017-11-29,13.6512,13.73998,13.5715,13.66382,13.66382,0
2017-11-30,13.652,13.72027,13.5512,13.64883,13.64883,0
2017-12-01,13.7124,13.79192,13.642,13.7125,13.7125,0
2017-12-04,13.76328,13.802,13.5501,13.7496,13.7496,0
2017-12-05,13.52582,13.56712,13.4377,13.5175,13.5175,0
2017-12-06,13.4389,13.58428,13.4377,13.44788,13.44788,0
2017-12-07,13.53207,13.683,13.51,13.5216,13.5216,0
2017-12-08,13.7194,13.75448,13.54765,13.7195,13.7195,0
2017-12-11,13.65394,13.68212,13.5474,13.6643,13.6643,0
2017-12-12,13.5949,13.71596,13.561,13.5996,13.5996,0
2017-12-13,13.6577,13.6709,13.4586,13.6585,13.6585,0
2017-12-14,13.4528,13.52737,13.3719,13.4612,13.4612,0
2017-12-15,13.4869,13.50762,13.1624,13.4876,13.4876,0
2017-12-18,13.06428,13.13365,12.5227,13.0854,13.0854,0
2017-12-19,12.72165,12.85775,12.699,12.72832,12.72832,0
2017-12-20,12.72747,12.79412,12.578,12.72407,12.72407,0
2017-12-21,12.7198,12.77428,12.6552,12.73026,12.73026,0
2017-12-22,12.75112,12.77172,12.5735,12.746,12.746,0
2017-12-25,12.5916,12.6222,12.5413,12.5921,12.5921,0
2017-12-26,12.5807,12.59993,12.4863,12.5916,12.5916,0
2017-12-27,12.487,12.50462,12.2803,12.4875,12.4875,0
2017-12-28,12.2528,12.38232,12.2324,12.2524,12.2524,0
2017-12-29,12.3957,12.40682,12.2686,12.3955,12.3955,0
2018-01-01,12.3574,12.3574,12.3568,12.31999,12.31999,0
2018-01-02,12.3871,12.46422,12.2514,12.387,12.387,0
2018-01-03,12.433,12.49825,12.3137,12.43562,12.43562,0
2018-01-04,12.36105,12.39702,12.2306,12.361,12.361,0
2018-01-05,12.2883,12.3979,12.2623,12.2872,12.2872,0
2018-01-08,12.2986,12.46367,12.2807,12.29554,12.29554,0
2018-01-09,12.3735,12.45737,12.2873,12.3724,12.3724,0
2018-01-10,12.3318,12.53958,12.3242,12.3315,12.3315,0
2018-01-11,12.4212,12.49618,12.3946,12.419,12.419,0
2018-01-12,12.3675,12.4584,12.3477,12.37839,12.37839,0
2018-01-15,12.36918,12.3872,12.2568,12.36862,12.36862,0
2018-01-16,12.2877,12.35627,12.1931,12.2873,12.2873,0
2018-01-17,12.25452,12.34255,12.2122,12.25434,12.25434,0
2018-01-18,12.306,12.33951,12.1025,12.30578,12.30578,0
2018-01-19,12.1268,12.2416,12.0544,12.114,12.114,0
2018-01-22,12.0748,12.14918,12.0103,12.0755,12.0755,0
2018-01-23,12.0419,12.15451,12.0317,12.0421,12.0421,0
2018-01-24,12.0215,12.04398,11.8992,12.0251,12.0251,0
2018-01-25,11.8727,11.93808,11.7999,11.8736,11.8736,0
2018-01-26,11.9164,11.93348,11.8037,11.9085,11.9085,0
2018-01-29,11.8522,12.01619,11.844,11.8519,11.8519,0
2018-01-30,11.9383,12.04476,11.8644,11.9365,11.9365,0
2018-01-31,11.9618,11.98347,11.8093,11.9611,11.9611,0
2018-02-01,11.85059,11.94526,11.8269,11.8384,11.8384,0
2018-02-02,11.8372,12.08552,11.8364,11.8362,11.8362,0
2018-02-05,12.0472,12.08054,11.9772,12.06077,12.06077,0
2018-02-06,12.1043,12.17766,12.0095,12.1049,12.1049,0
2018-02-07,11.9301,11.979,11.8674,11.9288,11.9288,0
2018-02-08,12.0472,12.15584,12.0124,12.06018,12.06018,0
2018-02-09,12.147,12.1555,12.0096,12.14497,12.14497,0
2018-02-12,12.02052,12.02216,11.8789,12.02052,12.02052,0
2018-02-13,11.90736,11.99257,11.8639,11.8927,11.8927,0
2018-02-14,11.96308,11.96308,11.7148,11.9592,11.9592,0
2018-02-15,11.7054,11.74117,11.5907,11.7165,11.7165,0
2018-02-16,11.6158,11.6851,11.5465,11.6176,11.6176,0
2018-02-19,11.61722,11.696,11.5994,11.6151,11.6151,0
2018-02-20,11.67282,11.76843,11.6548,11.67318,11.67318,0
2018-02-21,11.7181,11.77652,11.6127,11.7175,11.7175,0
2018-02-22,11.6623,11.73366,11.622,11.6617,11.6617,0
2018-02-23,11.66295,11.68762,11.532,11.6506,11.6506,0
2018-02-26,11.56557,11.64138,11.4971,11.56729,11.56729,0
2018-02-27,11.557,11.76792,11.5359,11.5638,11.5638,0
2018-02-28,11.6981,11.80466,11.6691,11.6993,11.6993,0
2018-03-01,11.7757,11.93712,11.771,11.776,11.776,0
2018-03-02,11.85622,12.01401,11.8192,11.846,11.846,0
2018-03-05,11.91152,12.021,11.8234,11.91745,11.91745,0
2018-03-06,11.83005,11.84832,11.702,11.83222,11.83222,0
2018-03-07,11.81047,11.9207,11.7741,11.8448,11.8448,0
2018-03-08,11.83828,11.9414,11.8175,11.83839,11.83839,0
2018-03-09,11.90797,11.926,11.7718,11.90765,11.90765,0
2018-03-12,11.81621,11.8696,11.7691,11.81022,11.81022,0
2018-03-13,11.82267,11.8556,11.7381,11.809,11.809,0
2018-03-14,11.81149,11.8199,11.7332,11.7792,11.7792,0
2018-03-15,11.7609,11.8825,11.7521,11.7627,11.7627,0
2018-03-16,11.89569,11.99045,11.8672,11.8971,11.8971,0
2018-03-19,11.9796,12.1016,11.9583,11.97678,11.97678,0
2018-03-20,12.0197,12.03563,11.92,12.0081,12.0081,0
2018-03-21,11.96875,12.02367,11.8719,11.9496,11.9496,0
2018-03-22,11.8167,11.8985,11.7602,11.82247,11.82247,0
2018-03-23,11.8769,11.8769,11.7316,11.8774,11.8774,0
2018-03-26,11.70582,11.70582,11.599,11.6955,11.6955,0
2018-03-27,11.6375,11.6912,11.6124,11.6366,11.6366,0
2018-03-28,11.64548,11.7964,11.6276,11.64468,11.64468,0
2018-03-29,11.76941,11.8932,11.7373,11.7682,11.7682,0
2018-03-30,11.8266,11.83596,11.7992,11.83108,11.83108,0
2018-04-02,11.82963,11.8724,11.7827,11.83418,11.83418,0
2018-04-03,11.85236,11.8675,11.7847,11.85196,11.85196,0
2018-04-04,11.8161,11.9352,11.7835,11.8166,11.8166,0
2018-04-05,11.87091,11.98466,11.8602,11.8622,11.8622,0
2018-04-06,11.9815,12.091,11.9584,11.98848,11.98848,0
2018-04-09,12.02646,12.1545,11.9584,12.02456,12.02456,0
2018-04-10,12.08398,12.1332,12.024,12.08783,12.08783,0
2018-04-11,12.0316,12.1164,11.97062,12.0265,12.0265,0
2018-04-12,11.95413,12.0206,11.9284,11.9432,11.9432,0
2018-04-13,12.05207,12.0912,12.0011,12.0417,12.0417,0
2018-04-16,12.076,12.10105,12.0333,12.07851,12.07851,0
2018-04-17,12.0343,12.0508,11.9636,12.033,12.033,0
2018-04-18,11.9813,12.0421,11.909,11.9812,11.9812,0
2018-04-19,11.9123,11.98453,11.9038,11.92418,11.92418,0
2018-04-20,11.9514,12.10393,11.9504,11.9669,11.9669,0
2018-04-23,12.082,12.32696,12.07,12.0917,12.0917,0
2018-04-24,12.3358,12.39548,12.2497,12.3372,12.3372,0
2018-04-25,12.3324,12.52416,12.3162,12.3134,12.3134,0
2018-04-26,12.44759,12.45736,12.3412,12.4311,12.4311,0
2018-04-27,12.3738,12.4389,12.3206,12.3766,12.3766,0
2018-04-30,12.3202,12.48657,12.2801,12.3187,12.3187,0
2018-05-01,12.4317,12.6735,12.4265,12.44297,12.44297,0
2018-05-02,12.6617,12.70968,12.538,12.6605,12.6605,0
2018-05-03,12.6536,12.7295,12.5566,12.6898,12.6898,0
2018-05-04,12.5875,12.67836,12.5198,12.5876,12.5876,0
2018-05-07,12.4995,12.5855,12.47,12.4971,12.4971,0
2018-05-08,12.5298,12.6608,12.4865,12.52997,12.52997,0
2018-05-09,12.5903,12.7179,12.5409,12.57742,12.57742,0
2018-05-10,12.5646,12.58388,12.3067,12.55356,12.55356,0
2018-05-11,12.2952,12.3622,12.1812,12.30681,12.30681,0
2018-05-14,12.25441,12.3022,12.1719,12.2455,12.2455,0
2018-05-15,12.32813,12.6446,12.3116,12.3153,12.3153,0
2018-05-16,12.5731,12.612,12.385,12.57049,12.57049,0
2018-05-17,12.4265,12.5891,12.3939,12.42875,12.42875,0
2018-05-18,12.6007,12.8109,12.5059,12.60612,12.60612,0
2018-05-21,12.7559,12.89116,12.69572,12.7507,12.7507,0
2018-05-22,12.66925,12.6763,12.4916,12.66902,12.66902,0
2018-05-23,12.5606,12.7009,12.5112,12.5569,12.5569,0
2018-05-24,12.4558,12.54115,12.382,12.4544,12.4544,0
2018-05-25,12.4141,12.5366,12.4102,12.4154,12.4154,0
2018-05-28,12.4715,12.508,12.4127,12.4745,12.4745,0
2018-05-29,12.4419,12.68372,12.4345,12.45176,12.45176,0
2018-05-30,12.6788,12.7339,12.5135,12.68988,12.68988,0
2018-05-31,12.52515,12.6951,12.4517,12.5179,12.5179,0
2018-06-01,12.6882,12.73578,12.58733,12.70072,12.70072,0
2018-06-04,12.6644,12.67253,12.5112,12.6681,12.6681,0
2018-06-05,12.5526,12.8236,12.526,12.56735,12.56735,0
2018-06-06,12.7336,12.8731,12.6607,12.74732,12.74732,0
2018-06-07,12.7014,12.9827,12.6708,12.7006,12.7006,0
2018-06-08,12.97603,13.27915,12.9305,12.9655,12.9655,0
2018-06-11,13.0546,13.17008,12.9905,13.0564,13.0564,0
2018-06-12,13.1591,13.25204,13.1265,13.1461,13.1461,0
2018-06-13,13.2992,13.3937,13.1999,13.2929,13.2929,0
2018-06-14,13.3022,13.33708,13.10385,13.30733,13.30733,0
2018-06-15,13.4358,13.4946,13.3519,13.4371,13.4371,0
2018-06-18,13.4142,13.714,13.3816,13.4136,13.4136,0
2018-06-19,13.66238,13.90629,13.6421,13.6488,13.6488,0
2018-06-20,13.73155,13.76266,13.5552,13.73431,13.73431,0
2018-06-21,13.64005,13.77878,13.5557,13.65634,13.65634,0
2018-06-22,13.58088,13.5837,13.424,13.58198,13.58198,0
2018-06-25,13.4039,13.6263,13.4039,13.40458,13.40458,0
2018-06-26,13.53078,13.61239,13.4723,13.5112,13.5112,0
2018-06-27,13.5156,13.8419,13.5084,13.5157,13.5157,0
2018-06-28,13.8627,13.9912,13.7625,13.8492,13.8492,0
2018-06-29,13.77236,13.83592,13.6675,13.7671,13.7671,0
2018-07-02,13.7083,13.91148,13.6991,13.7091,13.7091,0
2018-07-03,13.8241,13.88715,13.6551,13.8275,13.8275,0
2018-07-04,13.6641,13.7385,13.5998,13.67738,13.67738,0
2018-07-05,13.6813,13.7261,13.521,13.6689,13.6689,0
2018-07-06,13.5267,13.6204,13.4591,13.5311,13.5311,0
2018-07-09,13.46715,13.47486,13.2994,13.4462,13.4462,0
2018-07-10,13.3976,13.5107,13.3166,13.3978,13.3978,0
2018-07-11,13.36141,13.529,13.3483,13.3697,13.3697,0
2018-07-12,13.5463,13.55888,13.228,13.5471,13.5471,0
2018-07-13,13.31778,13.3935,13.2195,13.3041,13.3041,0
2018-07-16,13.2514,13.27383,13.1569,13.2507,13.2507,0
2018-07-17,13.21406,13.29168,13.1732,13.21158,13.21158,0
2018-07-18,13.27775,13.367,13.2416,13.2698,13.2698,0
2018-07-19,13.262,13.55006,13.2467,13.26785,13.26785,0
2018-07-20,13.5289,13.61475,13.3957,13.53617,13.53617,0
2018-07-23,13.39343,13.57076,13.3822,13.3828,13.3828,0
2018-07-24,13.4482,13.51779,13.2777,13.4484,13.4484,0
2018-07-25,13.268,13.31568,13.133,13.2685,13.2685,0
2018-07-26,13.096,13.2514,13.0885,13.0975,13.0975,0
2018-07-27,13.2322,13.27618,13.1273,13.2327,13.2327,0
2018-07-30,13.175,13.2192,13.1217,13.175,13.175,0
2018-07-31,13.14029,13.18803,13.0692,13.15527,13.15527,0
2018-08-01,13.234,13.37458,13.1653,13.2329,13.2329,0
2018-08-02,13.2034,13.4965,13.1989,13.21438,13.21438,0
2018-08-03,13.44306,13.5026,13.259,13.4325,13.4325,0
2018-08-06,13.3299,13.4594,13.2999,13.33908,13.33908,0
2018-08-07,13.4357,13.45339,13.2679,13.4304,13.4304,0
2018-08-08,13.32155,13.47539,13.2603,13.3158,13.3158,0
2018-08-09,13.401,13.6729,13.3549,13.3935,13.3935,0
2018-08-10,13.686,14.1404,13.6481,13.6848,13.6848,0
2018-08-13,14.2346,15.255,14.206,14.23765,14.23765,0
2018-08-14,14.39788,14.436,14.0208,14.3775,14.3775,0
2018-08-15,14.2676,14.7361,14.16285,14.2682,14.2682,0
2018-08-16,14.582,14.62678,14.31902,14.59156,14.59156,0
2018-08-17,14.711,15.01368,14.6076,14.7108,14.7108,0
2018-08-20,14.7434,14.75323,14.4485,14.7428,14.7428,0
2018-08-21,14.5033,14.5165,14.314,14.5008,14.5008,0
2018-08-22,14.3861,14.4423,14.1668,14.3843,14.3843,0
2018-08-23,14.1653,14.4341,14.1632,14.1592,14.1592,0
2018-08-24,14.39359,14.4282,14.1741,14.3835,14.3835,0
2018-08-27,14.2278,14.3439,14.1022,14.2418,14.2418,0
2018-08-28,14.1593,14.2378,13.9696,14.1593,14.1593,0
2018-08-29,14.1942,14.4969,14.1897,14.1928,14.1928,0
2018-08-30,14.3382,14.77725,14.3375,14.33773,14.33773,0
2018-08-31,14.6913,14.78972,14.6213,14.69838,14.69838,0
2018-09-03,14.7134,14.93268,14.6446,14.71525,14.71525,0
2018-09-04,14.8517,15.3636,14.84943,14.85,14.85,0
2018-09-05,15.3191,15.679,15.2438,15.3187,15.3187,0
2018-09-06,15.39422,15.53204,15.248,15.4011,15.4011,0
2018-09-07,15.3106,15.35093,15.0638,15.3116,15.3116,0
2018-09-10,15.2582,15.31215,15.1098,15.25,15.25,0
2018-09-11,15.1883,15.2183,15.003,15.1882,15.1882,0
2018-09-12,15.05738,15.16995,14.9153,15.0587,15.0587,0
2018-09-13,14.94683,14.9641,14.613,14.9426,14.9426,0
2018-09-14,14.7674,14.92804,14.6529,14.7655,14.7655,0
2018-09-17,14.94693,15.0509,14.8577,14.9347,14.9347,0
2018-09-18,14.97295,14.97755,14.8063,14.96794,14.96794,0
2018-09-19,14.8571,14.90038,14.6102,14.8588,14.8588,0
2018-09-20,14.6392,14.67253,14.37416,14.6375,14.6375,0
2018-09-21,14.298,14.432,14.181,14.2979,14.2979,0
2018-09-24,14.3399,14.41915,14.193,14.3401,14.3401,0
2018-09-25,14.3528,14.4397,14.3142,14.3555,14.3555,0
2018-09-26,14.3335,14.3765,14.152,14.3307,14.3307,0
2018-09-27,14.13271,14.22576,14.00263,14.13263,14.13263,0
2018-09-28,14.1047,14.2586,14.0815,14.1043,14.1043,0
2018-10-01,14.1021,14.22027,14.0539,14.1016,14.1016,0
2018-10-02,14.2101,14.441,14.2001,14.2074,14.2074,0
2018-10-03,14.3474,14.4525,14.2853,14.34846,14.34846,0
2018-10-04,14.6396,14.8074,14.61165,14.6295,14.6295,0
2018-10-05,14.84199,14.87054,14.6698,14.8302,14.8302,0
2018-10-08,14.7981,14.9793,14.7415,14.8114,14.8114,0
2018-10-09,14.8468,15.05489,14.6432,14.8448,14.8448,0
2018-10-10,14.5515,14.6867,14.516,14.565,14.565,0
2018-10-11,14.7595,14.77029,14.519,14.7546,14.7546,0
2018-10-12,14.5793,14.5955,14.4117,14.5796,14.5796,0
2018-10-15,14.5271,14.55697,14.3273,14.5272,14.5272,0
2018-10-16,14.32966,14.39628,14.144,14.3324,14.3324,0
2018-10-17,14.17039,14.2777,14.1219,14.17477,14.17477,0
2018-10-18,14.239,14.4023,14.1677,14.2407,14.2407,0
2018-10-19,14.4255,14.46306,14.3153,14.4276,14.4276,0
2018-10-22,14.388,14.4225,14.253,14.4138,14.4138,0
2018-10-23,14.3144,14.4357,14.3144,14.32185,14.32185,0
2018-10-24,14.2167,14.522,14.1352,14.2187,14.2187,0
2018-10-25,14.5555,14.6373,14.4538,14.5484,14.5484,0
2018-10-26,14.6008,14.7491,14.5509,14.60586,14.60586,0
2018-10-29,14.5582,14.60866,14.416,14.563,14.563,0
2018-10-30,14.6891,14.6999,14.5556,14.6974,14.6974,0
2018-10-31,14.607,14.8501,14.5945,14.595,14.595,0
2018-11-01,14.7507,14.77509,14.45291,14.755,14.755,0
2018-11-02,14.4061,14.45702,14.2133,14.3983,14.3983,0
2018-11-05,14.28035,14.4075,14.1643,14.2613,14.2613,0
2018-11-06,14.1395,14.2771,14.1384,14.1388,14.1388,0
2018-11-07,14.0969,14.18543,13.8811,14.0974,14.0974,0
2018-11-08,13.9086,14.0869,13.8978,13.9106,13.9106,0
2018-11-09,14.11551,14.3595,14.1017,14.11584,14.11584,0
2018-11-12,14.3348,14.4605,14.2678,14.3349,14.3349,0
2018-11-13,14.4488,14.5609,14.3396,14.4527,14.4527,0
2018-11-14,14.4189,14.4416,14.2674,14.4222,14.4222,0
2018-11-15,14.35733,14.3745,14.1974,14.35779,14.35779,0
2018-11-16,14.1905,14.2474,14.0073,14.1899,14.1899,0
2018-11-19,13.9714,14.06492,13.9169,13.9718,13.9718,0
2018-11-20,14.0111,14.1602,13.983,14.01468,14.01468,0
2018-11-21,14.0914,14.123,13.8357,14.0914,14.0914,0
2018-11-22,13.9179,13.9597,13.7178,13.9244,13.9244,0
2018-11-23,13.7336,13.90384,13.7336,13.7312,13.7312,0
2018-11-26,13.8381,13.90836,13.7162,13.84532,13.84532,0
2018-11-27,13.9056,13.9815,13.7798,13.9055,13.9055,0
2018-11-28,13.9106,13.9845,13.8786,13.9088,13.9088,0
2018-11-29,13.77876,13.78278,13.6011,13.7662,13.7662,0
2018-11-30,13.6531,13.8737,13.628,13.6531,13.6531,0
2018-12-03,13.72925,13.7539,13.5769,13.7172,13.7172,0
2018-12-04,13.6866,13.7506,13.5323,13.6838,13.6838,0
2018-12-05,13.8243,13.8743,13.7273,13.8246,13.8246,0
2018-12-06,13.8438,14.2042,13.8359,13.8312,13.8312,0
2018-12-07,14.04685,14.1762,13.928,14.0389,14.0389,0
2018-12-10,14.18799,14.47304,14.0822,14.1763,14.1763,0
2018-12-11,14.3521,14.4604,14.2451,14.3516,14.3516,0
2018-12-12,14.321,14.3528,14.0414,14.3175,14.3175,0
2018-12-13,14.0987,14.2282,14.0347,14.096,14.096,0
2018-12-14,14.1701,14.4538,14.168,14.1729,14.1729,0
2018-12-17,14.3747,14.4265,14.2831,14.3751,14.3751,0
2018-12-18,14.3753,14.39225,14.2385,14.38,14.38,0
2018-12-19,14.3249,14.33133,14.1067,14.33305,14.33305,0
2018-12-20,14.3567,14.3958,14.1715,14.3619,14.3619,0
2018-12-21,14.3764,14.4965,14.2859,14.37975,14.37975,0
2018-12-24,14.61639,14.6452,14.4548,14.6319,14.6319,0
2018-12-25,14.5697,14.629,14.4607,14.5095,14.5095,0
2018-12-26,14.6049,14.6216,14.4686,14.581,14.581,0
2018-12-27,14.5017,14.5643,14.4354,14.4998,14.4998,0
2018-12-28,14.4561,14.51601,14.33955,14.4932,14.4932,0
2018-12-31,14.4232,14.4427,14.3415,14.4153,14.4153,0
2019-01-01,14.1258,14.347,14.1258,14.1258,14.1258,0
2019-01-02,14.3603,14.5306,14.301,14.38765,14.38765,0
2019-01-03,14.5566,14.57492,14.287,14.5583,14.5583,0
2019-01-04,14.3074,14.3204,13.9584,14.309,14.309,0
2019-01-07,13.97384,13.9854,13.8342,13.9807,13.9807,0
2019-01-08,13.864,14.0464,13.8618,13.8607,13.8607,0
2019-01-09,13.9278,14.0149,13.8516,13.9463,13.9463,0
2019-01-10,13.8353,13.9467,13.808,13.8439,13.8439,0
2019-01-11,13.8446,13.8896,13.768,13.85456,13.85456,0
2019-01-14,13.8579,13.9548,13.7542,13.8567,13.8567,0
2019-01-15,13.7452,13.8365,13.7375,13.7627,13.7627,0
2019-01-16,13.7192,13.75375,13.6422,13.7202,13.7202,0
2019-01-17,13.6774,13.8235,13.6571,13.679,13.679,0
2019-01-18,13.717,13.83418,13.6799,13.7104,13.7104,0
2019-01-21,13.84165,13.9042,13.805,13.819,13.819,0
2019-01-22,13.82174,13.9464,13.8092,13.8098,13.8098,0
2019-01-23,13.9549,13.9625,13.8078,13.9544,13.9544,0
2019-01-24,13.8073,13.85046,13.6658,13.8077,13.8077,0
2019-01-25,13.7142,13.7425,13.5771,13.7081,13.7081,0
2019-01-28,13.6039,13.7134,13.576,13.60364,13.60364,0
2019-01-29,13.655,13.7203,13.5746,13.65725,13.65725,0
2019-01-30,13.61033,13.63815,13.5564,13.608,13.608,0
2019-01-31,13.327,13.3816,13.2228,13.3279,13.3279,0
2019-02-01,13.2491,13.3716,13.2382,13.2488,13.2488,0
2019-02-04,13.315,13.4169,13.3109,13.3153,13.3153,0
2019-02-05,13.4097,13.4369,13.3284,13.4102,13.4102,0
2019-02-06,13.365,13.53618,13.3587,13.365,13.365,0
2019-02-07,13.5255,13.6705,13.5148,13.52803,13.52803,0
2019-02-08,13.61291,13.6919,13.5769,13.6086,13.6086,0
2019-02-11,13.6083,13.8212,13.5696,13.6078,13.6078,0
2019-02-12,13.7842,13.838,13.7275,13.7817,13.7817,0
2019-02-13,13.75878,13.9942,13.6969,13.7503,13.7503,0
2019-02-14,14.0404,14.26411,13.95926,14.03952,14.03952,0
2019-02-15,14.1117,14.1974,14.0357,14.1149,14.1149,0
2019-02-18,14.08049,14.15275,14.0257,14.0801,14.0801,0
2019-02-19,14.0818,14.1988,14.0704,14.074,14.074,0
2019-02-20,14.0297,14.3669,13.93185,14.0303,14.0303,0
2019-02-21,14.0096,14.0514,13.8652,14.0087,14.0087,0
2019-02-22,14.0103,14.0498,13.9498,14.0107,14.0107,0
2019-02-25,13.95806,13.98305,13.7978,13.95397,13.95397,0
2019-02-26,13.8317,13.8876,13.8104,13.8164,13.8164,0
2019-02-27,13.8272,13.9681,13.8113,13.82805,13.82805,0
2019-02-28,13.9175,14.08346,13.9121,13.9166,13.9166,0
2019-03-01,14.058,14.2305,14.0543,14.0592,14.0592,0
2019-03-04,14.1734,14.2795,14.1317,14.1735,14.1735,0
2019-03-05,14.20115,14.22253,14.112,14.1875,14.1875,0
2019-03-06,14.1663,14.2409,14.1522,14.1661,14.1661,0
2019-03-07,14.2621,14.5194,14.197,14.2561,14.2561,0
2019-03-08,14.4944,14.578,14.3855,14.50098,14.50098,0
2019-03-11,14.42224,14.45249,14.3242,14.4116,14.4116,0
2019-03-12,14.3141,14.3371,14.2199,14.2974,14.2974,0
2019-03-13,14.34887,14.4131,14.2838,14.3488,14.3488,0
2019-03-14,14.41851,14.50775,14.4077,14.4079,14.4079,0
2019-03-15,14.513,14.5261,14.3833,14.5124,14.5124,0
2019-03-18,14.421,14.4756,14.3482,14.4213,14.4213,0
2019-03-19,14.4209,14.4734,14.33335,14.4285,14.4285,0
2019-03-20,14.501,14.5344,14.353,14.50062,14.50062,0
2019-03-21,14.225,14.26215,14.1384,14.2217,14.2217,0
2019-03-22,14.2086,14.4923,14.17865,14.1994,14.1994,0
2019-03-25,14.4782,14.5338,14.2739,14.4713,14.4713,0
2019-03-26,14.3009,14.445,14.2798,14.3004,14.3004,0
2019-03-27,14.411,14.6637,14.4009,14.4071,14.4071,0
2019-03-28,14.5988,14.7454,14.5832,14.5991,14.5991,0
2019-03-29,14.5909,14.608,14.42225,14.5846,14.5846,0
2019-04-01,14.33555,14.38975,14.1493,14.3271,14.3271,0
2019-04-02,14.1799,14.2829,14.0662,14.1768,14.1768,0
2019-04-03,14.21234,14.2145,14.0984,14.2026,14.2026,0
2019-04-04,14.1214,14.22035,14.08244,14.1257,14.1257,0
2019-04-05,14.1116,14.1442,14.0121,14.1044,14.1044,0
2019-04-08,14.0858,14.1732,14.0631,14.0962,14.0962,0
2019-04-09,14.1075,14.13011,14.0016,14.1178,14.1178,0
2019-04-10,14.0754,14.0889,13.8974,14.0753,14.0753,0
2019-04-11,13.892,14.043,13.8644,13.8938,13.8938,0
2019-04-12,14.0093,14.0845,13.9097,14.0078,14.0078,0
2019-04-15,13.9533,14.0276,13.8962,13.9525,13.9525,0
2019-04-16,14.0339,14.1144,14.006,14.0354,14.0354,0
2019-04-17,14.0205,14.03869,13.9112,14.0189,14.0189,0
2019-04-18,13.9626,14.1173,13.9614,13.9624,13.9624,0
2019-04-19,14.0409,14.0752,14.0315,14.0389,14.0389,0
2019-04-22,14.0747,14.17643,14.0426,14.0747,14.0747,0
2019-04-23,14.151,14.3341,14.1345,14.1501,14.1501,0
2019-04-24,14.2565,14.4236,14.2503,14.2532,14.2532,0
2019-04-25,14.4382,14.5509,14.3836,14.438,14.438,0
2019-04-26,14.4132,14.4652,14.2704,14.4075,14.4075,0
2019-04-29,14.3597,14.36799,14.2881,14.3526,14.3526,0
2019-04-30,14.3056,14.3855,14.2619,14.3075,14.3075,0
2019-05-01,14.2871,14.381,14.2572,14.2891,14.2891,0
2019-05-02,14.4407,14.5635,14.3987,14.4351,14.4351,0
2019-05-03,14.5226,14.5824,14.3468,14.5158,14.5158,0
2019-05-06,14.4476,14.5332,14.4399,14.45149,14.45149,0
2019-05-07,14.4534,14.4866,14.3826,14.4525,14.4525,0
2019-05-08,14.4303,14.4392,14.2949,14.4275,14.4275,0
2019-05-09,14.3583,14.4635,14.30498,14.3683,14.3683,0
2019-05-10,14.3409,14.376,14.1677,14.3314,14.3314,0
2019-05-13,14.1952,14.3755,14.1817,14.1948,14.1948,0
2019-05-14,14.3202,14.3445,14.1839,14.323,14.323,0
2019-05-15,14.244,14.2942,14.1684,14.2388,14.2388,0
2019-05-16,14.2139,14.2651,14.1205,14.2046,14.2046,0
2019-05-17,14.2786,14.4343,14.2692,14.28002,14.28002,0
2019-05-20,14.4214,14.4214,14.337,14.4199,14.4199,0
2019-05-21,14.3624,14.4826,14.3486,14.37317,14.37317,0
2019-05-22,null,null,null,null,null,null
2019-05-23,14.3592,14.531,14.3478,14.3597,14.3597,0
2019-05-24,14.4891,14.49408,14.3753,14.48604,14.48604,0
2019-05-27,14.4185,14.47505,14.3728,14.4183,14.4183,0
2019-05-28,14.4272,14.7362,14.4071,14.4275,14.4275,0
2019-05-29,14.69614,14.88893,14.6831,14.6988,14.6988,0
2019-05-30,14.6298,14.7054,14.5727,14.6291,14.6291,0
2019-05-31,14.7844,14.8429,14.5391,14.769,14.769,0
2019-06-03,14.6009,14.6097,14.4436,14.5997,14.5997,0
2019-06-04,14.4662,14.7409,14.3903,14.4461,14.4461,0
2019-06-05,14.63412,14.9031,14.6112,14.6273,14.6273,0
2019-06-06,14.8442,15.004,14.8321,14.8352,14.8352,0
2019-06-07,15.0132,15.1589,14.8953,15.0037,15.0037,0
2019-06-10,14.92042,14.97989,14.754,14.9185,14.9185,0
2019-06-11,14.8086,14.8159,14.6468,14.8079,14.8079,0
2019-06-12,14.6543,14.8517,14.6186,14.6532,14.6532,0
2019-06-13,14.87012,14.9285,14.8114,14.8614,14.8614,0
2019-06-14,14.85665,14.8759,14.7422,14.85611,14.85611,0
2019-06-17,14.7912,14.823,14.7577,14.791,14.791,0
2019-06-18,14.7971,14.81707,14.479,14.796,14.796,0
2019-06-19,14.5109,14.57564,14.459,14.5105,14.5105,0
2019-06-20,14.33783,14.3421,14.189,14.3222,14.3222,0
2019-06-21,14.3376,14.437,14.2943,14.3339,14.3339,0
2019-06-24,14.31395,14.3949,14.2262,14.31428,14.31428,0
2019-06-25,14.36173,14.3696,14.2617,14.3534,14.3534,0
2019-06-26,14.3237,14.3685,14.2102,14.3252,14.3252,0
2019-06-27,14.2203,14.2615,14.118,14.2201,14.2201,0
2019-06-28,14.1662,14.1924,14.0957,14.1579,14.1579,0
2019-07-01,14.0667,14.1716,14.0288,14.0704,14.0704,0
2019-07-02,14.13929,14.2083,14.0704,14.1293,14.1293,0
2019-07-03,14.077,14.1474,14.0571,14.0743,14.0743,0
2019-07-04,14.0394,14.0789,13.9533,14.0529,14.0529,0
2019-07-05,14.05026,14.2717,14.0082,14.03847,14.03847,0
2019-07-08,14.1925,14.23185,14.0964,14.1952,14.1952,0
2019-07-09,14.1798,14.2567,14.1219,14.1795,14.1795,0
2019-07-10,14.1844,14.2284,14.0263,14.1808,14.1808,0
2019-07-11,13.9735,13.9867,13.8538,13.9746,13.9746,0
2019-07-12,13.9583,14.0397,13.8843,13.9526,13.9526,0
2019-07-15,13.9588,13.9738,13.842,13.9578,13.9578,0
2019-07-16,13.8897,13.9405,13.8243,13.90064,13.90064,0
2019-07-17,13.9409,13.997,13.9288,13.9413,13.9413,0
2019-07-18,13.9944,14.0388,13.863,13.9967,13.9967,0
2019-07-19,13.86052,13.9474,13.804,13.8627,13.8627,0
2019-07-22,13.9136,13.9688,13.821,13.9124,13.9124,0
2019-07-23,13.8536,13.94532,13.844,13.8531,13.8531,0
2019-07-24,13.9237,13.9458,13.8472,13.9237,13.9237,0
2019-07-25,13.875,14.0802,13.8519,13.8669,13.8669,0
2019-07-26,14.0745,14.2902,14.0595,14.0785,14.0785,0
2019-07-29,14.25306,14.3152,14.16455,14.2423,14.2423,0
2019-07-30,14.1632,14.2345,14.1296,14.16284,14.16284,0
2019-07-31,14.19538,14.2384,14.1342,14.17879,14.17879,0
2019-08-01,14.3413,14.5598,14.3286,14.3306,14.3306,0
2019-08-02,14.61683,14.7576,14.5708,14.6048,14.6048,0
2019-08-05,14.7385,14.9544,14.7242,14.7277,14.7277,0
2019-08-06,14.9433,14.9946,14.753,14.9459,14.9459,0
2019-08-07,14.9278,15.1713,14.819,14.9272,14.9272,0
2019-08-08,15.0414,15.1861,14.9511,15.0485,15.0485,0
2019-08-09,15.0367,15.2927,14.9979,15.0387,15.0387,0
2019-08-12,15.2748,15.45627,15.2065,15.275,15.275,0
2019-08-13,15.2866,15.3944,15.08555,15.2872,15.2872,0
2019-08-14,15.1316,15.4254,15.0952,15.1327,15.1327,0
2019-08-15,15.41353,15.4151,15.20255,15.4052,15.4052,0
2019-08-16,15.2545,15.2762,15.1473,15.2459,15.2459,0
2019-08-19,15.2865,15.43845,15.2023,15.2853,15.2853,0
2019-08-20,15.4519,15.46435,15.317,15.4472,15.4472,0
2019-08-21,15.3557,15.3624,15.1464,15.3487,15.3487,0
2019-08-22,15.1851,15.2617,15.13,15.1839,15.1839,0
2019-08-23,15.2149,15.2608,15.0796,15.2143,15.2143,0
2019-08-26,15.3462,15.3732,15.1852,15.34612,15.34612,0
2019-08-27,15.2694,15.3535,15.229,15.2681,15.2681,0
2019-08-28,15.318,15.4302,15.2411,15.3197,15.3197,0
2019-08-29,15.3869,15.4793,15.2467,15.3966,15.3966,0
2019-08-30,15.3223,15.3414,15.157,15.3117,15.3117,0
2019-09-02,15.2208,15.23669,15.1177,15.2203,15.2203,0
2019-09-03,15.2331,15.2862,15.082,15.2342,15.2342,0
2019-09-04,15.1045,15.1045,14.7809,15.1015,15.1015,0
2019-09-05,14.7949,14.8707,14.7254,14.7943,14.7943,0
2019-09-06,14.8611,14.89118,14.7095,14.8638,14.8638,0
2019-09-09,14.7878,14.8112,14.6581,14.7896,14.7896,0
2019-09-10,14.7565,14.7789,14.6449,14.758,14.758,0
2019-09-11,14.6561,14.76165,14.5956,14.6551,14.6551,0
2019-09-12,14.67389,14.6828,14.5443,14.6761,14.6761,0
2019-09-13,14.5871,14.6025,14.4904,14.5877,14.5877,0
2019-09-16,14.6224,14.7082,14.58223,14.6221,14.6221,0
2019-09-17,14.6521,14.8305,14.649,14.6542,14.6542,0
2019-09-18,14.6936,14.7063,14.593,14.6925,14.6925,0
2019-09-19,14.6802,14.7267,14.5991,14.6765,14.6765,0
2019-09-20,14.8075,14.9523,14.7176,14.8024,14.8024,0
2019-09-23,14.9164,14.962,14.8267,14.9064,14.9064,0
2019-09-24,14.8871,14.9391,14.827,14.8818,14.8818,0
2019-09-25,14.8516,15.06115,14.8466,14.8517,14.8517,0
2019-09-26,14.9833,15.0798,14.928,14.9823,14.9823,0
2019-09-27,15.0284,15.1795,15.0107,15.0181,15.0181,0
2019-09-30,15.13201,15.2143,15.1141,15.1217,15.1217,0
2019-10-01,15.14218,15.3601,15.1194,15.13698,15.13698,0
2019-10-02,15.3219,15.3939,15.1991,15.3223,15.3223,0
2019-10-03,15.2689,15.2914,15.1114,15.2669,15.2669,0
2019-10-04,15.1203,15.1859,15.017,15.1204,15.1204,0
2019-10-07,15.0669,15.17406,15.0177,15.067,15.067,0
2019-10-08,15.1691,15.29385,15.0769,15.1673,15.1673,0
2019-10-09,15.2683,15.2878,15.1236,15.27365,15.27365,0
2019-10-10,15.2001,15.21728,15.0063,15.2013,15.2013,0
2019-10-11,15.0143,15.03175,14.7331,15.0164,15.0164,0
2019-10-14,14.7733,14.86089,14.715,14.7729,14.7729,0
2019-10-15,14.81487,14.90185,14.7522,14.8041,14.8041,0
2019-10-16,14.8692,15.0393,14.8608,14.8689,14.8689,0
2019-10-17,14.9287,14.9575,14.7562,14.9289,14.9289,0
2019-10-18,14.8181,14.84923,14.7316,14.8189,14.8189,0
2019-10-21,14.76795,14.8005,14.7237,14.7523,14.7523,0
2019-10-22,14.7545,14.7682,14.5913,14.7545,14.7545,0
2019-10-23,14.578,14.70295,14.575,14.5778,14.5778,0
2019-10-24,14.64213,14.6651,14.5779,14.63919,14.63919,0
2019-10-25,14.68246,14.6982,14.5565,14.6765,14.6765,0
2019-10-28,14.6099,14.63015,14.5093,14.6198,14.6198,0
2019-10-29,14.565,14.70695,14.5183,14.5651,14.5651,0
2019-10-30,14.611,15.06865,14.5917,14.62,14.62,0
2019-10-31,14.9817,15.1806,14.9367,14.971,14.971,0
2019-11-01,15.1,15.15332,14.98568,15.0934,15.0934,0
2019-11-04,14.8411,14.86207,14.7243,14.8404,14.8404,0
2019-11-05,14.7778,14.823,14.6745,14.7688,14.7688,0
2019-11-06,14.7426,14.8654,14.7147,14.7468,14.7468,0
2019-11-07,14.8128,14.84193,14.7021,14.8049,14.8049,0
2019-11-08,14.7153,14.8599,14.7078,14.715,14.715,0
2019-11-11,14.8524,14.9588,14.837,14.85346,14.85346,0
2019-11-12,14.8845,14.93,14.7973,14.8825,14.8825,0
2019-11-13,14.92749,15.0006,14.8974,14.9263,14.9263,0
2019-11-14,14.9094,14.96625,14.77825,14.8985,14.8985,0
2019-11-15,14.809,14.82567,14.6559,14.82005,14.82005,0
2019-11-18,14.70915,14.8243,14.67099,14.70721,14.70721,0
2019-11-19,14.7783,14.83107,14.7037,14.8074,14.8074,0
2019-11-20,14.7568,14.85665,14.7344,14.756,14.756,0
2019-11-21,14.78855,14.79275,14.6414,14.783,14.783,0
2019-11-22,14.6713,14.72275,14.5863,14.6731,14.6731,0
2019-11-25,14.7093,14.7916,14.6446,14.6994,14.6994,0
2019-11-26,14.76374,14.84767,14.7343,14.7573,14.7573,0
2019-11-27,14.7899,14.82836,14.684,14.7792,14.7792,0
2019-11-28,14.7699,14.788,14.719,14.7594,14.7594,0
2019-11-29,14.7026,14.7561,14.6079,14.7007,14.7007,0
2019-12-02,14.64227,14.7121,14.5475,14.64877,14.64877,0
2019-12-03,14.5332,14.6935,14.51324,14.54609,14.54609,0
2019-12-04,14.6197,14.6547,14.4961,14.6326,14.6326,0
2019-12-05,14.5773,14.69115,14.5463,14.5803,14.5803,0
2019-12-06,14.626,14.67,14.574,14.6249,14.6249,0
2019-12-09,14.61131,14.6895,14.5647,14.61129,14.61129,0
2019-12-10,14.6665,14.8645,14.6148,14.6667,14.6667,0
2019-12-11,14.7742,14.8126,14.6969,14.77407,14.77407,0
2019-12-12,14.6635,14.6997,14.4935,14.6762,14.6762,0
2019-12-13,14.4135,14.5467,14.3612,14.4127,14.4127,0
2019-12-16,14.5253,14.5257,14.3623,14.5231,14.5231,0
2019-12-17,14.37763,14.4367,14.3374,14.37834,14.37834,0
2019-12-18,14.3942,14.45115,14.2577,14.38733,14.38733,0
2019-12-19,14.2949,14.3553,14.2023,14.29499,14.29499,0
2019-12-20,14.22338,14.2657,14.1523,14.2139,14.2139,0
2019-12-23,14.26789,14.2717,14.1735,14.2615,14.2615,0
2019-12-24,14.21114,14.23815,14.1084,14.1991,14.1991,0
2019-12-25,14.1497,14.16767,13.0531,14.14951,14.14951,0
2019-12-26,14.1471,14.17415,14.1207,14.15085,14.15085,0
2019-12-27,14.1269,14.13831,13.97809,14.13117,14.13117,0
2019-12-30,14.0513,14.1034,13.9506,14.05089,14.05089,0
2019-12-31,14.0983,14.12659,13.97215,14.09859,14.09859,0
2020-01-01,13.9959,13.9992,13.5212,13.9959,13.9959,0
2020-01-02,13.9951,14.1314,13.9193,14.00292,14.00292,0
2020-01-03,14.0886,14.365,14.073,14.078,14.078,0
2020-01-06,14.3205,14.3664,14.2001,14.31825,14.31825,0
2020-01-07,14.2018,14.3377,14.1259,14.2027,14.2027,0
2020-01-08,14.3619,14.4433,14.1593,14.3552,14.3552,0
2020-01-09,14.1661,14.2282,14.0923,14.15649,14.15649,0
2020-01-10,14.2129,14.2934,14.1644,14.2129,14.2129,0
2020-01-13,14.32192,14.4704,14.2905,14.33015,14.33015,0
2020-01-14,14.38082,14.4906,14.3476,14.3784,14.3784,0
2020-01-15,14.4008,14.431,14.3255,14.3996,14.3996,0
2020-01-16,14.37831,14.4391,14.3436,14.3787,14.3787,0
2020-01-17,14.4101,14.4903,14.3459,14.40177,14.40177,0
2020-01-20,14.47665,14.5682,14.4232,14.47749,14.47749,0
2020-01-21,14.49408,14.5944,14.4476,14.4918,14.4918,0
2020-01-22,14.4939,14.5004,14.3168,14.4819,14.4819,0
2020-01-23,14.3378,14.43827,14.2618,14.329,14.329,0
2020-01-24,14.3689,14.4531,14.2992,14.3677,14.3677,0
2020-01-27,14.44911,14.65047,14.39397,14.44936,14.44936,0
2020-01-28,14.5786,14.7048,14.5278,14.5803,14.5803,0
2020-01-29,14.5417,14.62948,14.49847,14.5428,14.5428,0
2020-01-30,14.5932,14.8194,14.5903,14.5917,14.5917,0
2020-01-31,14.7548,14.99972,14.7277,14.7402,14.7402,0
2020-02-03,14.99704,15.0034,14.8304,14.99741,14.99741,0
2020-02-04,14.8759,14.88659,14.7137,14.8664,14.8664,0
2020-02-05,14.7665,14.83355,14.66538,14.76749,14.76749,0
2020-02-06,14.7487,14.9217,14.69727,14.742,14.742,0
2020-02-07,14.9016,15.1115,14.8642,14.90333,14.90333,0
2020-02-10,15.075,15.09268,14.9653,15.071,15.071,0
2020-02-11,14.9551,14.9767,14.7996,14.9535,14.9535,0
2020-02-12,14.80302,14.8878,14.73,14.7916,14.7916,0
2020-02-13,14.8704,14.962,14.8215,14.8655,14.8655,0
2020-02-14,14.929,14.95022,14.8206,14.90496,14.90496,0
2020-02-17,14.8848,15.0161,14.8342,14.8814,14.8814,0
2020-02-18,14.97551,15.0828,14.9597,14.9757,14.9757,0
2020-02-19,15.0007,15.01029,14.9111,15.0016,15.0016,0
2020-02-20,14.9761,15.16694,14.9684,14.9823,14.9823,0
2020-02-21,15.1074,15.18245,14.9356,15.1139,15.1139,0
2020-02-24,15.0733,15.1814,15.0261,15.05999,15.05999,0
2020-02-25,15.1289,15.241,15.0439,15.1134,15.1134,0
2020-02-26,15.2164,15.337,15.0524,15.21498,15.21498,0
2020-02-27,15.2681,15.48316,15.2258,15.27,15.27,0
2020-02-28,15.4739,15.739,15.46643,15.47,15.47,0
2020-03-02,15.7598,15.76415,15.4584,15.7584,15.7584,0
2020-03-03,15.39367,15.6179,15.2138,15.3949,15.3949,0
2020-03-04,15.3992,15.4197,15.2161,15.3994,15.3994,0
2020-03-05,15.2532,15.58005,15.2298,15.2545,15.2545,0
2020-03-06,15.57804,15.7646,15.5358,15.586,15.586,0
2020-03-09,16.0231,16.845501,14.7181,16.06493,16.06493,0
2020-03-10,16.049999,16.101,14.874,16.05101,16.05101,0
2020-03-11,15.9515,16.167351,15.4348,15.9457,15.9457,0
2020-03-12,16.2456,16.532301,15.857,16.2484,16.2484,0
2020-03-13,16.563101,16.6007,16.0252,16.5618,16.5618,0
2020-03-16,16.2733,16.732901,15.6952,16.24716,16.24716,0
2020-03-17,16.5975,16.727301,16.050501,16.598499,16.598499,0
2020-03-18,16.54649,17.101391,15.8056,16.5243,16.5243,0
2020-03-19,17.0811,17.52,15.9441,17.092529,17.092529,0
2020-03-20,17.38122,17.537609,16.152901,17.34199,17.34199,0
2020-03-23,17.672449,17.877899,17.055691,17.672449,17.672449,0
2020-03-24,17.7544,17.7708,17.4041,17.755199,17.755199,0
2020-03-25,17.52685,17.60598,17.261999,17.4951,17.4951,0
2020-03-26,17.2752,17.6008,17.232,17.2764,17.2764,0
2020-03-27,17.298,17.6436,17.260799,17.2994,17.2994,0
2020-03-30,17.89595,18.012699,17.696501,17.90184,17.90184,0
2020-03-31,17.922001,18.029699,17.7106,17.9209,17.9209,0
2020-04-01,17.8207,18.136499,17.7113,17.7423,17.7423,0
2020-04-02,18.2439,18.6472,18.021601,18.1294,18.1294,0
2020-04-03,18.472401,19.011101,18.4121,18.471901,18.471901,0
2020-04-06,19.2481,19.35113,18.6525,19.2486,19.2486,0
2020-04-07,18.661989,18.71109,18.0931,18.586861,18.586861,0
2020-04-08,18.236,18.437321,18.123301,18.231899,18.231899,0
2020-04-09,18.1996,18.25614,17.8372,18.2005,18.2005,0
2020-04-10,17.895901,18.05644,17.895901,18.031099,18.031099,0
2020-04-13,18.017099,18.1775,17.917391,18.02704,18.02704,0
2020-04-14,18.1173,18.414301,17.850901,18.0968,18.0968,0
2020-04-15,18.294001,18.8106,18.261999,18.2903,18.2903,0
2020-04-16,18.66407,18.72056,18.4923,18.6562,18.6562,0
2020-04-17,18.665899,18.92375,18.6045,18.66206,18.66206,0
2020-04-20,18.804171,18.937201,18.689301,18.7988,18.7988,0
2020-04-21,18.7689,19.0989,18.751101,18.7743,18.7743,0
2020-04-22,18.973301,19.054541,18.715799,18.9562,18.9562,0
2020-04-23,18.9841,19.170139,18.873699,18.98461,18.98461,0
2020-04-24,19.054199,19.164351,18.835581,19.101801,19.101801,0
2020-04-27,19.02907,19.0343,18.752001,19.0203,19.0203,0
2020-04-28,18.8057,18.8666,18.552031,18.80147,18.80147,0
2020-04-29,18.5872,18.59207,18.25095,18.5884,18.5884,0
2020-04-30,18.142521,18.475189,18.013201,18.144899,18.144899,0
2020-05-01,18.52042,18.876699,18.467199,18.53447,18.53447,0
2020-05-04,18.90465,18.93952,18.592899,18.914209,18.914209,0
2020-05-05,18.4541,18.502609,18.266899,18.4545,18.4545,0
2020-05-06,18.4547,18.826599,18.3393,18.4722,18.4722,0
2020-05-07,18.761101,18.777519,18.5117,18.81188,18.81188,0
2020-05-08,18.5201,18.575439,18.2934,18.5219,18.5219,0
2020-05-11,18.32321,18.457069,18.213499,18.3202,18.3202,0
2020-05-12,18.39908,18.51676,18.1721,18.4018,18.4018,0
2020-05-13,18.399401,18.5474,18.245399,18.4067,18.4067,0
2020-05-14,18.4617,18.751711,18.452299,18.467501,18.467501,0
2020-05-15,18.3976,18.60446,18.3347,18.423,18.423,0
2020-05-18,18.5655,18.576599,18.338499,18.567101,18.567101,0
2020-05-19,18.3382,18.37138,18.161501,18.336,18.336,0
2020-05-20,18.328159,18.34901,17.923599,18.322701,18.322701,0
2020-05-21,17.915899,18.041019,17.5159,17.917391,17.917391,0
2020-05-22,17.57646,17.870661,17.530701,17.571301,17.571301,0
2020-05-25,17.5583,17.722639,17.5236,17.557899,17.557899,0
2020-05-26,17.629499,17.63868,17.3188,17.635201,17.635201,0
2020-05-27,17.388571,17.527781,17.3465,17.3808,17.3808,0
2020-05-28,17.3489,17.4713,17.2833,17.34112,17.34112,0
2020-05-29,17.4699,17.653799,17.4135,17.477301,17.477301,0
2020-06-01,17.565701,17.57548,17.3076,17.563499,17.563499,0
2020-06-02,17.364201,17.470369,17.086399,17.382561,17.382561,0
2020-06-03,17.141899,17.15358,16.878201,17.151489,17.151489,0
2020-06-04,16.8839,17.064199,16.837099,16.895399,16.895399,0
2020-06-05,16.8762,16.92285,16.7082,16.8752,16.8752,0
2020-06-08,16.76145,16.871059,16.7122,16.750999,16.750999,0
2020-06-09,16.636499,16.896601,16.621201,16.6506,16.6506,0
2020-06-10,16.5872,16.659201,16.511499,16.583599,16.583599,0
2020-06-11,16.5035,17.12781,16.4877,16.491501,16.491501,0
2020-06-12,17.173201,17.29405,16.9137,17.199829,17.199829,0
2020-06-15,17.1695,17.3295,17.118401,17.173349,17.173349,0
2020-06-16,17.08742,17.26132,16.895109,17.08975,17.08975,0
2020-06-17,17.1546,17.2778,17.076401,17.166,17.166,0
2020-06-18,17.126101,17.503531,17.125401,17.181021,17.181021,0
2020-06-19,17.364599,17.47975,17.268801,17.370399,17.370399,0
2020-06-22,17.384899,17.4272,17.2404,17.386101,17.386101,0
2020-06-23,17.2596,17.47135,17.1758,17.2558,17.2558,0
2020-06-24,17.19521,17.423401,17.119101,17.186701,17.186701,0
2020-06-25,17.3829,17.524151,17.2264,17.3925,17.3925,0
2020-06-26,17.126301,17.364321,17.094801,17.1273,17.1273,0
2020-06-29,17.292191,17.336901,17.1784,17.298901,17.298901,0
2020-06-30,17.2421,17.40596,17.2213,17.2192,17.2192,0
2020-07-01,17.329399,17.372,17.042101,17.341921,17.341921,0
2020-07-02,17.0355,17.059919,16.829599,17.039301,17.039301,0
2020-07-03,16.9841,17.103701,16.9069,16.955299,16.955299,0
2020-07-06,17.04537,17.06444,16.885,17.04167,17.04167,0
2020-07-07,16.951099,17.1798,16.898899,16.97965,16.97965,0
2020-07-08,17.164,17.202551,16.954399,17.162149,17.162149,0
2020-07-09,16.9196,16.96295,16.7866,16.901699,16.901699,0
2020-07-10,16.8109,16.96501,16.736601,16.82497,16.82497,0
2020-07-13,16.794001,16.813101,16.65756,16.807449,16.807449,0
2020-07-14,16.802601,16.8822,16.732201,16.785801,16.785801,0
2020-07-15,16.6819,16.713449,16.5007,16.6835,16.6835,0
2020-07-16,16.5511,16.718019,16.5511,16.5728,16.5728,0
2020-07-17,16.736641,16.753799,16.627399,16.726,16.726,0
2020-07-20,16.67363,16.75643,16.637899,16.660299,16.660299,0
2020-07-21,16.5916,16.63685,16.431601,16.61693,16.61693,0
2020-07-22,16.3757,16.5182,16.3451,16.3839,16.3839,0
2020-07-23,16.475451,16.681999,16.3964,16.47975,16.47975,0
2020-07-24,16.6117,16.7897,16.584299,16.634199,16.634199,0
2020-07-27,16.657,16.66889,16.3815,16.6623,16.6623,0
2020-07-28,16.3862,16.599001,16.3361,16.388399,16.388399,0
2020-07-29,16.4867,16.55695,16.3799,16.4709,16.4709,0
2020-07-30,16.5109,16.9401,16.5109,16.54818,16.54818,0
2020-07-31,16.709551,17.063709,16.6609,16.7251,16.7251,0
2020-08-03,17.033609,17.339899,16.2763,17.022381,17.022381,0
2020-08-04,17.1973,17.519899,17.107901,17.186001,17.186001,0
2020-08-05,17.332199,17.37705,17.16765,17.352369,17.352369,0
2020-08-06,17.2693,17.661079,17.2139,17.3242,17.3242,0
2020-08-07,17.415701,17.657579,17.405769,17.4172,17.4172,0
2020-08-10,17.669069,17.7756,17.571501,17.66855,17.66855,0
2020-08-11,17.697849,17.730101,17.4725,17.6569,17.6569,0
2020-08-12,17.481501,17.57128,17.341999,17.491301,17.491301,0
2020-08-13,17.457359,17.4963,17.3531,17.451099,17.451099,0
2020-08-14,17.42415,17.4916,17.324949,17.408199,17.408199,0
2020-08-17,17.35277,17.4869,17.3074,17.3627,17.3627,0
2020-08-18,17.50449,17.530821,17.284201,17.4995,17.4995,0
2020-08-19,17.2966,17.33902,17.1117,17.30747,17.30747,0
2020-08-20,17.254299,17.342699,17.177099,17.250099,17.250099,0
2020-08-21,17.2099,17.312031,17.0975,17.24375,17.24375,0
2020-08-24,17.1257,17.14394,16.8922,17.1402,17.1402,0
2020-08-25,16.9536,16.9709,16.7152,16.959351,16.959351,0
2020-08-26,16.7945,16.978661,16.744101,16.816311,16.816311,0
2020-08-27,16.838511,17.075899,16.785299,16.8533,16.8533,0
2020-08-28,17.039499,17.04895,16.5509,17.0336,17.0336,0
2020-08-31,16.556801,16.973301,16.515301,16.57086,16.57086,0
2020-09-01,16.931299,16.939699,16.5576,16.94722,16.94722,0
2020-09-02,16.612301,16.9198,16.568899,16.62817,16.62817,0
2020-09-03,16.798401,16.8843,16.6551,16.805201,16.805201,0
2020-09-04,16.761101,16.8116,16.5427,16.750799,16.750799,0
2020-09-07,16.6084,16.7635,16.551701,16.62093,16.62093,0
2020-09-08,16.6821,16.994301,16.674101,16.701599,16.701599,0
2020-09-09,16.974899,16.99947,16.5863,16.956699,16.956699,0
2020-09-10,16.61499,16.8827,16.5762,16.5837,16.5837,0
2020-09-11,16.861521,16.88015,16.706699,16.838301,16.838301,0
2020-09-14,16.702761,16.73414,16.596901,16.702551,16.702551,0
2020-09-15,16.651899,16.68882,16.4023,16.646999,16.646999,0
2020-09-16,16.4485,16.46965,16.254641,16.411699,16.411699,0
2020-09-17,16.286301,16.43185,16.183599,16.2647,16.2647,0
2020-09-18,16.167299,16.267151,16.070601,16.1301,16.1301,0
2020-09-21,16.276699,16.924801,16.21039,16.28549,16.28549,0
2020-09-22,16.779039,16.952801,16.560101,16.759899,16.759899,0
2020-09-23,16.701401,17.095301,16.6984,16.76543,16.76543,0
2020-09-24,17.064501,17.204901,16.9429,17.064699,17.064699,0
2020-09-25,16.9258,17.23765,16.792101,16.900299,16.900299,0
2020-09-28,17.120399,17.212,16.9739,17.1105,17.1105,0
2020-09-29,16.993299,17.1989,16.902201,16.9967,16.9967,0
2020-09-30,16.93047,17.015751,16.6444,16.926979,16.926979,0
2020-10-01,16.72217,16.75737,16.5474,16.730801,16.730801,0
2020-10-02,16.447599,16.77742,16.427299,16.448999,16.448999,0
2020-10-05,16.45941,16.597,16.3517,16.459,16.459,0
2020-10-06,16.5471,16.674,16.4522,16.5483,16.5483,0
2020-10-07,16.6849,16.7206,16.5375,16.688299,16.688299,0
2020-10-08,16.595711,16.6675,16.5481,16.614811,16.614811,0
2020-10-09,16.5457,16.5769,16.3979,16.57559,16.57559,0
2020-10-12,16.501289,16.57365,16.434111,16.490499,16.490499,0
2020-10-13,16.4753,16.581409,16.43857,16.4925,16.4925,0
2020-10-14,16.4268,16.57782,16.3981,16.4622,16.4622,0
2020-10-15,16.52841,16.713249,16.476299,16.529091,16.529091,0
2020-10-16,16.601999,16.671289,16.4918,16.5625,16.5625,0
2020-10-19,16.517229,16.541571,16.409,16.506599,16.506599,0
2020-10-20,16.51564,16.569281,16.4373,16.512199,16.512199,0
2020-10-21,16.462601,16.467699,16.250601,16.44861,16.44861,0
2020-10-22,16.305901,16.39115,16.196501,16.33758,16.33758,0
2020-10-23,16.1791,16.2824,16.1539,16.178499,16.178499,0
2020-10-26,16.220369,16.321899,16.1429,16.218611,16.218611,0
2020-10-27,16.1896,16.24082,16.0781,16.1796,16.1796,0
2020-10-28,16.1819,16.492001,16.166599,16.186001,16.186001,0
2020-10-29,16.37225,16.4802,16.254601,16.349199,16.349199,0
2020-10-30,16.332001,16.4503,16.21571,16.358601,16.358601,0
2020-11-02,16.27005,16.326099,16.1784,16.27285,16.27285,0
2020-11-03,16.186501,16.22275,15.9967,16.1756,16.1756,0
2020-11-04,15.8282,16.40905,15.801,16.009199,16.009199,0
2020-11-05,15.7765,15.97608,15.7392,15.86405,15.86405,0
2020-11-06,15.6753,15.7997,15.647,15.6739,15.6739,0
2020-11-09,15.58505,15.6197,15.20922,15.592,15.592,0
2020-11-10,15.3656,15.6938,15.362,15.3672,15.3672,0
2020-11-11,15.5956,15.7201,15.51191,15.58933,15.58933,0
2020-11-12,15.6048,15.73015,15.525,15.62565,15.62565,0
2020-11-13,15.63975,15.6799,15.5246,15.6403,15.6403,0
2020-11-16,15.49915,15.5115,15.3099,15.50145,15.50145,0
2020-11-17,15.3009,15.4354,15.277,15.28709,15.28709,0
2020-11-18,15.36973,15.47668,15.2906,15.3318,15.3318,0
2020-11-19,15.45675,15.5742,15.4333,15.45174,15.45174,0
2020-11-20,15.42547,15.4504,15.2801,15.4295,15.4295,0
2020-11-23,15.42469,15.4607,15.2519,15.42598,15.42598,0
2020-11-24,15.3592,15.39843,15.2038,15.358,15.358,0
2020-11-25,15.1804,15.2839,15.1306,15.1774,15.1774,0
2020-11-26,15.13279,15.23671,15.0752,15.11858,15.11858,0
2020-11-27,15.2086,15.336,15.1428,15.209,15.209,0
2020-11-30,15.23665,15.4776,15.1931,15.23555,15.23555,0
2020-12-01,15.419,15.44034,15.2064,15.4363,15.4363,0
2020-12-02,15.23745,15.42393,15.2079,15.24325,15.24325,0
2020-12-03,15.26281,15.3632,15.1346,15.276,15.276,0
2020-12-04,15.16104,15.23,15.1171,15.16744,15.16744,0
2020-12-07,15.20965,15.2884,15.0864,15.20665,15.20665,0
2020-12-08,15.1477,15.1928,14.99047,15.14492,15.14492,0
2020-12-09,14.9698,15.00132,14.8676,14.9702,14.9702,0
2020-12-10,14.96465,15.0938,14.9107,14.96234,14.96234,0
2020-12-11,15.02265,15.1672,14.9812,14.957,14.957,0
2020-12-14,15.0539,15.0906,14.96554,15.0424,15.0424,0
2020-12-15,15.02804,15.06114,14.8742,15.002,15.002,0
2020-12-16,14.88147,14.91455,14.8067,14.8825,14.8825,0
2020-12-17,14.8038,14.8203,14.6541,14.8169,14.8169,0
2020-12-18,14.63854,14.71149,14.5084,14.6296,14.6296,0
2020-12-21,14.71787,14.9051,14.56666,14.71643,14.71643,0
2020-12-22,14.5911,14.68142,14.5533,14.6,14.6,0
2020-12-23,14.6534,14.70081,14.5474,14.67807,14.67807,0
2020-12-24,14.59,14.6707,14.5534,14.59272,14.59272,0
2020-12-25,14.45149,14.63625,14.35895,14.5352,14.5352,0
2020-12-28,14.61399,14.6496,14.5008,14.6099,14.6099,0
2020-12-29,14.63677,14.718,14.5381,14.62291,14.62291,0
2020-12-30,14.6906,14.71667,14.5669,14.7159,14.7159,0
2020-12-31,14.62243,14.7113,14.5626,14.6413,14.6413,0
2021-01-01,14.4812,14.5905,14.37339,14.4812,14.4812,0
2021-01-04,14.66232,14.7423,14.496,14.64985,14.64985,0
2021-01-05,14.7112,15.055,14.6096,14.6754,14.6754,0
2021-01-06,14.9624,15.1318,14.8748,14.9503,14.9503,0
2021-01-07,15.0347,15.4613,14.9888,15.03079,15.03079,0
2021-01-08,15.4221,15.47949,15.1984,15.419,15.419,0
2021-01-11,15.31615,15.649,15.30585,15.30445,15.30445,0
2021-01-12,15.5128,15.60667,15.32243,15.50922,15.50922,0
2021-01-13,15.1879,15.32238,15.1619,15.1923,15.1923,0
2021-01-14,15.25444,15.28985,15.0962,15.24522,15.24522,0
2021-01-15,15.09165,15.2954,15.0229,15.0829,15.0829,0
2021-01-18,15.24654,15.37498,15.1578,15.22505,15.22505,0
2021-01-19,15.15997,15.16068,14.92162,15.1364,15.1364,0
2021-01-20,14.9883,14.9955,14.8502,14.98835,14.98835,0
2021-01-21,14.8619,14.91152,14.7536,14.88254,14.88254,0
2021-01-22,14.933,15.13437,14.8956,14.94527,14.94527,0
2021-01-25,15.13149,15.2695,15.0476,15.13325,15.13325,0
2021-01-26,15.2135,15.3669,15.0342,15.2144,15.2144,0
2021-01-27,15.03981,15.29854,15.016,15.04236,15.04236,0
2021-01-28,15.2584,15.36905,15.0799,15.2622,15.2622,0
2021-01-29,15.1869,15.28378,14.9518,15.1885,15.1885,0
2021-02-01,15.17847,15.17847,14.9601,15.173,15.173,0
2021-02-02,15.0157,15.06837,14.8921,15.0574,15.0574,0
2021-02-03,14.95592,15.0191,14.88096,14.9104,14.9104,0
2021-02-04,14.9434,15.12,14.90339,14.8911,14.8911,0
2021-02-05,14.9732,15.03033,14.87007,14.99413,14.99413,0
2021-02-08,14.91969,15.0025,14.8026,14.91765,14.91765,0
2021-02-09,14.85884,14.86584,14.74155,14.86396,14.86396,0
2021-02-10,14.71978,14.73767,14.6391,14.6985,14.6985,0
2021-02-11,14.74239,14.7621,14.5973,14.7509,14.7509,0
2021-02-12,14.611,14.6928,14.5132,14.6111,14.6111,0
2021-02-15,14.54435,14.54465,14.4088,14.54345,14.54345,0
2021-02-16,14.4339,14.7011,14.37939,14.4346,14.4346,0
2021-02-17,14.6574,14.8155,14.6391,14.6676,14.6676,0
2021-02-18,14.5608,14.7139,14.50271,14.5606,14.5606,0
2021-02-19,14.5174,14.69106,14.5166,14.587,14.587,0
2021-02-22,14.6594,14.9183,14.63729,14.65705,14.65705,0
2021-02-23,14.6505,14.7437,14.4769,14.6622,14.6622,0
2021-02-24,14.554,14.65412,14.3914,14.55274,14.55274,0
2021-02-25,14.4885,14.8903,14.4469,14.4816,14.4816,0
2021-02-26,15.01792,15.1831,14.8045,14.9981,14.9981,0
2021-03-01,15.03244,15.1232,14.895,15.03948,15.03948,0
2021-03-02,14.9729,15.1092,14.9517,14.9617,14.9617,0
2021-03-03,14.9226,15.03164,14.8453,14.9228,14.9228,0
2021-03-04,15.09428,15.1322,14.9895,15.0619,15.0619,0
2021-03-05,15.2803,15.4313,15.2176,15.2794,15.2794,0
2021-03-08,15.3284,15.56003,15.2988,15.31145,15.31145,0
2021-03-09,15.5279,15.5452,15.28215,15.5246,15.5246,0
2021-03-10,15.28783,15.36646,15.1016,15.28199,15.28199,0
2021-03-11,15.063,15.09583,14.82774,15.0659,15.0659,0
2021-03-12,14.8023,15.03176,14.7959,14.8031,14.8031,0
2021-03-15,14.93976,15.024,14.8211,14.9353,14.9353,0
2021-03-16,14.8323,14.94351,14.7724,14.8548,14.8548,0
2021-03-17,14.837,14.96916,14.8261,14.8603,14.8603,0
2021-03-18,14.6066,14.7952,14.59001,14.6056,14.6056,0
2021-03-19,14.7133,14.80832,14.64641,14.72831,14.72831,0
2021-03-22,14.81439,14.90031,14.6719,14.81163,14.81163,0
2021-03-23,14.7047,14.93925,14.69331,14.7025,14.7025,0
2021-03-24,14.877,14.93363,14.7418,14.8812,14.8812,0
2021-03-25,14.94364,15.0831,14.85596,14.95036,14.95036,0
2021-03-26,14.9895,15.09578,14.9199,14.99572,14.99572,0
2021-03-29,14.97577,15.06538,14.8688,14.97195,14.97195,0
2021-03-30,14.8919,14.9908,14.8484,14.91073,14.91073,0
2021-03-31,14.89886,14.95887,14.7196,14.90118,14.90118,0
2021-04-01,14.7781,14.84004,14.6184,14.7792,14.7792,0
2021-04-02,14.6019,14.66137,14.5716,14.6139,14.6139,0
2021-04-05,14.6408,14.69086,14.5115,14.61769,14.61769,0
2021-04-06,14.55296,14.60939,14.4763,14.54608,14.54608,0
2021-04-07,14.4729,14.5781,14.4615,14.5124,14.5124,0
2021-04-08,14.5615,14.57619,14.4428,14.5391,14.5391,0
2021-04-09,14.51737,14.62153,14.4759,14.51682,14.51682,0
2021-04-12,14.58807,14.6653,14.55,14.57631,14.57631,0
2021-04-13,14.5638,14.68125,14.4963,14.5591,14.5591,0
2021-04-14,14.50228,14.5296,14.3732,14.493,14.493,0
2021-04-15,14.3647,14.4323,14.1503,14.3869,14.3869,0
2021-04-16,14.16182,14.34126,14.1377,14.1434,14.1434,0
2021-04-19,14.30437,14.313,14.16,14.30222,14.30222,0
2021-04-20,14.2101,14.3206,14.1603,14.2082,14.2082,0
2021-04-21,14.2713,14.3346,14.2134,14.2855,14.2855,0
2021-04-22,14.2191,14.3146,14.1947,14.2175,14.2175,0
2021-04-23,14.30795,14.3146,14.2239,14.30928,14.30928,0
2021-04-26,14.27121,14.2849,14.2148,14.27289,14.27289,0
2021-04-27,14.2494,14.37959,14.2391,14.27168,14.27168,0
2021-04-28,14.36974,14.4289,14.2628,14.36869,14.36869,0
2021-04-29,14.22765,14.3577,14.14786,14.2041,14.2041,0
2021-04-30,14.2693,14.50702,14.2652,14.2818,14.2818,0
2021-05-03,14.4654,14.51485,14.3546,14.4586,14.4586,0
2021-05-04,14.39456,14.53775,14.3703,14.3977,14.3977,0
2021-05-05,14.4205,14.48992,14.3528,14.4622,14.4622,0
2021-05-06,14.3285,14.3721,14.1957,14.34459,14.34459,0
2021-05-07,14.18484,14.2611,14.0451,14.18649,14.18649,0
2021-05-10,14.05438,14.0859,13.9597,14.0553,14.0553,0
2021-05-11,14.0001,14.07611,13.9373,14.03803,14.03803,0
2021-05-12,13.9707,14.08235,13.95,13.9736,13.9736,0
2021-05-13,14.0995,14.19327,14.0549,14.1156,14.1156,0
2021-05-14,14.14256,14.1751,14.0194,14.12931,14.12931,0
2021-05-17,14.13217,14.1818,14.0886,14.12544,14.12544,0
2021-05-18,14.0944,14.1006,13.9639,14.09261,14.09261,0
2021-05-19,14.00745,14.07465,13.9615,14.00752,14.00752,0
2021-05-20,14.09595,14.1122,13.9581,14.1013,14.1013,0
2021-05-21,13.98162,14.00391,13.8841,13.97797,13.97797,0
2021-05-24,13.9574,14.02265,13.8984,13.95645,13.95645,0
2021-05-25,13.9145,13.92683,13.8042,13.9142,13.9142,0
2021-05-26,13.86082,13.8609,13.7483,13.8391,13.8391,0
2021-05-27,13.7506,13.78936,13.6678,13.76079,13.76079,0
2021-05-28,13.75905,13.86871,13.733,13.75646,13.75646,0
2021-05-31,13.7687,13.79667,13.7093,13.7685,13.7685,0
2021-06-01,13.7064,13.7945,13.67718,13.7073,13.7073,0
2021-06-02,13.75745,13.8102,13.552,13.75723,13.75723,0
2021-06-03,13.51431,13.6481,13.4911,13.51487,13.51487,0
2021-06-04,13.6071,13.6839,13.4411,13.62108,13.62108,0
2021-06-07,13.4077,13.5344,13.401,13.41794,13.41794,0
2021-06-08,13.5169,13.60222,13.4826,13.52866,13.52866,0
2021-06-09,13.56975,13.68095,13.5126,13.56951,13.56951,0
2021-06-10,13.7105,13.75888,13.5691,13.73229,13.73229,0
2021-06-11,13.59123,13.74319,13.5116,13.5933,13.5933,0
2021-06-14,13.7152,13.7997,13.6932,13.707,13.707,0
2021-06-15,13.76492,13.84889,13.6972,13.76508,13.76508,0
2021-06-16,13.7593,13.7782,13.6775,13.7601,13.7601,0
2021-06-17,14.00624,14.1564,13.9324,13.9827,13.9827,0
2021-06-18,14.09547,14.32615,14.0488,14.098,14.098,0
2021-06-21,14.325,14.39519,14.2142,14.3354,14.3354,0
2021-06-22,14.22167,14.3823,14.20709,14.2145,14.2145,0
2021-06-23,14.25924,14.28315,14.1406,14.25803,14.25803,0
2021-06-24,14.20736,14.2793,14.1512,14.2096,14.2096,0
2021-06-25,14.1933,14.2007,14.0122,14.18934,14.18934,0
2021-06-28,14.1385,14.2747,14.12094,14.15214,14.15214,0
2021-06-29,14.24704,14.3703,14.23698,14.2474,14.2474,0
2021-06-30,14.31672,14.34,14.2025,14.3424,14.3424,0
2021-07-01,14.24139,14.4734,14.2302,14.2315,14.2315,0
2021-07-02,14.42255,14.51318,14.26092,14.42413,14.42413,0
2021-07-05,14.20258,14.27893,14.1904,14.20053,14.20053,0
2021-07-06,14.2232,14.38654,14.1584,14.2407,14.2407,0
2021-07-07,14.3583,14.4089,14.24767,14.33703,14.33703,0
2021-07-08,14.32253,14.437,14.27954,14.28018,14.28018,0
2021-07-09,14.2989,14.3419,14.20908,14.26254,14.26254,0
2021-07-12,14.22677,14.4998,14.222,14.22678,14.22678,0
2021-07-13,14.3778,14.66923,14.3108,14.36552,14.36552,0
2021-07-14,14.7065,14.78225,14.537,14.70522,14.70522,0
2021-07-15,14.4772,14.58378,14.4399,14.4415,14.4415,0
2021-07-16,14.5394,14.5658,14.3349,14.53564,14.53564,0
2021-07-19,14.37103,14.53137,14.36931,14.3895,14.3895,0
2021-07-20,14.52952,14.6748,14.49721,14.53068,14.53068,0
2021-07-21,14.6144,14.7309,14.54273,14.59157,14.59157,0
2021-07-22,14.57491,14.7489,14.507,14.57449,14.57449,0
2021-07-23,14.6986,14.81903,14.65249,14.6976,14.6976,0
2021-07-26,14.802,14.98966,14.7628,14.79343,14.79343,0
2021-07-27,14.7467,14.9535,14.73355,14.74652,14.74652,0
2021-07-28,14.75445,14.85408,14.7393,14.7581,14.7581,0
2021-07-29,14.6959,14.7492,14.5394,14.7194,14.7194,0
2021-07-30,14.51465,14.65104,14.5139,14.5168,14.5168,0
2021-08-02,14.5737,14.64808,14.3724,14.5986,14.5986,0
2021-08-03,14.4514,14.45554,14.3019,14.4556,14.4556,0
2021-08-04,14.3024,14.41019,14.215,14.3036,14.3036,0
2021-08-05,14.3484,14.43738,14.3174,14.32773,14.32773,0
2021-08-06,14.47893,14.6886,14.442,14.47642,14.47642,0
2021-08-09,14.6564,14.76739,14.5671,14.64091,14.64091,0
2021-08-10,14.74905,14.84178,14.71,14.769,14.769,0
2021-08-11,14.76775,14.8977,14.6311,14.76785,14.76785,0
2021-08-12,14.6228,14.795,14.60532,14.6092,14.6092,0
2021-08-13,14.74477,14.873,14.6832,14.7598,14.7598,0
2021-08-16,14.6697,14.7953,14.6605,14.6714,14.6714,0
2021-08-17,14.8072,14.98559,14.78696,14.8086,14.8086,0
2021-08-18,14.9029,14.99469,14.8106,14.87305,14.87305,0
2021-08-19,14.90445,15.2178,14.8885,14.93385,14.93385,0
2021-08-20,15.19236,15.3874,15.16895,15.1957,15.1957,0
2021-08-23,15.3065,15.3096,15.1316,15.28835,15.28835,0
2021-08-24,15.14245,15.15935,14.97435,15.1179,15.1179,0
2021-08-25,14.9793,15.03605,14.894,14.9794,14.9794,0
2021-08-26,14.91905,15.0006,14.8714,14.92125,14.92125,0
2021-08-27,14.913,14.93912,14.7264,14.8929,14.8929,0
2021-08-30,14.7154,14.74135,14.58,14.7057,14.7057,0
2021-08-31,14.64154,14.6704,14.4434,14.62375,14.62375,0
2021-09-01,14.5088,14.5305,14.36549,14.48843,14.48843,0
2021-09-02,14.35345,14.47056,14.3042,14.36735,14.36735,0
2021-09-03,14.4308,14.4813,14.248,14.4308,14.4308,0
2021-09-06,14.2759,14.36044,14.2158,14.2963,14.2963,0
2021-09-07,14.20475,14.3505,14.19572,14.2194,14.2194,0
2021-09-08,14.2842,14.36038,14.2166,14.2654,14.2654,0
2021-09-09,14.1722,14.2387,14.088,14.15585,14.15585,0
2021-09-10,14.1569,14.21128,14.0587,14.1899,14.1899,0
2021-09-13,14.165,14.24431,14.1182,14.165,14.165,0
2021-09-14,14.1339,14.30879,14.10663,14.1095,14.1095,0
2021-09-15,14.29383,14.4663,14.2367,14.3234,14.3234,0
2021-09-16,14.36333,14.6221,14.33718,14.3633,14.3633,0
2021-09-17,14.57519,14.76379,14.5248,14.57455,14.57455,0
2021-09-20,14.7683,14.856,14.72883,14.74005,14.74005,0
2021-09-21,14.7548,14.8907,14.6511,14.7552,14.7552,0
2021-09-22,14.8275,14.86251,14.7058,14.8455,14.8455,0
2021-09-23,14.76261,14.811,14.57323,14.7715,14.7715,0
2021-09-24,14.72959,15.0311,14.71181,14.7339,14.7339,0
2021-09-27,14.9403,15.09255,14.859,14.91781,14.91781,0
2021-09-28,14.9381,15.14684,14.9065,14.92158,14.92158,0
2021-09-29,15.0933,15.1906,14.9664,15.0908,15.0908,0
2021-09-30,15.1415,15.24615,14.98116,15.1433,15.1433,0
2021-10-01,15.04825,15.13531,14.8437,15.0717,15.0717,0
2021-10-04,14.822,15.0598,14.8151,14.8448,14.8448,0
2021-10-05,15.0167,15.09947,14.95217,15.0282,15.0282,0
2021-10-06,14.98525,15.1926,14.96044,14.98582,14.98582,0
2021-10-07,14.9412,15.0226,14.8186,14.9451,14.9451,0
2021-10-08,14.91155,14.998,14.78725,14.9374,14.9374,0
2021-10-11,14.9065,15.0025,14.8873,14.9026,14.9026,0
2021-10-12,15.0493,15.0725,14.9127,15.0524,15.0524,0
2021-10-13,14.9422,14.959,14.7913,14.9561,14.9561,0
2021-10-14,14.7787,14.82825,14.7011,14.7689,14.7689,0
2021-10-15,14.7627,14.7831,14.6085,14.7603,14.7603,0
2021-10-18,14.5992,14.7956,14.57975,14.5792,14.5792,0
2021-10-19,14.6663,14.6735,14.5062,14.6645,14.6645,0
2021-10-20,14.4977,14.5681,14.3889,14.48521,14.48521,0
2021-10-21,14.3992,14.6015,14.35145,14.37712,14.37712,0
2021-10-22,14.6621,14.8374,14.5544,14.6473,14.6473,0
2021-10-25,14.8113,14.8801,14.6924,14.8125,14.8125,0
2021-10-26,14.66867,14.86107,14.65102,14.6951,14.6951,0
2021-10-27,14.818,15.042,14.7939,14.81068,14.81068,0
2021-10-28,15.03572,15.17474,15.02867,15.0562,15.0562,0
2021-10-29,15.0671,15.3241,15.0671,15.10896,15.10896,0
2021-11-01,15.18765,15.41545,15.18765,15.19125,15.19125,0
2021-11-02,15.39454,15.4865,15.3445,15.39611,15.39611,0
2021-11-03,15.39454,15.48815,15.32902,15.4132,15.4132,0
2021-11-04,15.225,15.3406,15.14337,15.2131,15.2131,0
2021-11-05,15.17825,15.30557,15.0695,15.1996,15.1996,0
2021-11-08,15.0242,15.0725,14.9046,15.02276,15.02276,0
2021-11-09,14.9077,15.0957,14.86145,14.9065,14.9065,0
2021-11-10,15.0402,15.36521,15.0015,15.0053,15.0053,0
2021-11-11,15.41785,15.47566,15.1828,15.4177,15.4177,0
2021-11-12,15.2758,15.33271,15.2231,15.2943,15.2943,0
2021-11-15,15.2965,15.336,15.1476,15.2991,15.2991,0
2021-11-16,15.2093,15.54855,15.15305,15.2026,15.2026,0
2021-11-17,15.5049,15.57124,15.4425,15.4775,15.4775,0
2021-11-18,15.4499,15.7538,15.41474,15.4757,15.4757,0
2021-11-19,15.6349,15.7798,15.53557,15.6308,15.6308,0
2021-11-22,15.6978,15.8294,15.6747,15.6946,15.6946,0
2021-11-23,15.81981,15.93197,15.7479,15.8429,15.8429,0
2021-11-24,15.8366,15.9719,15.7903,15.82104,15.82104,0
2021-11-25,15.84612,15.91952,15.8082,15.8478,15.8478,0
2021-11-26,16.118401,16.3591,16.05838,16.118999,16.118999,0
2021-11-29,16.098921,16.226999,16.037951,16.0994,16.0994,0
2021-11-30,16.1231,16.2246,15.87974,16.103121,16.103121,0
2021-12-01,15.86328,15.919,15.7361,15.86001,15.86001,0
2021-12-02,15.98811,16.041201,15.77,16.0138,16.0138,0
2021-12-03,15.8927,16.143049,15.8061,15.9149,15.9149,0
2021-12-06,16.02422,16.061199,15.8297,16.025,16.025,0
2021-12-07,15.87036,16.03005,15.82779,15.8971,15.8971,0
2021-12-08,15.8053,15.85879,15.66726,15.8363,15.8363,0
2021-12-09,15.7025,16.0014,15.66928,15.66575,15.66575,0
2021-12-10,15.9361,16.083,15.8661,15.9363,15.9363,0
2021-12-13,15.925,16.06074,15.8569,15.94996,15.94996,0
2021-12-14,15.9872,16.143999,15.97505,15.9971,15.9971,0
2021-12-15,16.0802,16.236401,16.03389,16.0765,16.0765,0
2021-12-16,15.9625,16.0301,15.8909,15.9625,15.9625,0
2021-12-17,15.8958,15.96025,15.80075,15.9245,15.9245,0
2021-12-20,15.895,15.95456,15.7261,15.9045,15.9045,0
2021-12-21,15.74388,15.8903,15.7207,15.7437,15.7437,0
2021-12-22,15.81135,15.91265,15.7994,15.8287,15.8287,0
2021-12-23,15.67625,15.81093,15.6128,15.7047,15.7047,0
2021-12-24,15.6126,15.66725,15.4797,15.62187,15.62187,0
2021-12-27,15.5366,15.565,15.487,15.5197,15.5197,0
2021-12-28,15.4931,15.82992,15.4931,15.5254,15.5254,0
2021-12-29,15.7454,15.96843,15.6825,15.73158,15.73158,0
2021-12-30,15.9256,16.019199,15.8697,15.90975,15.90975,0
2021-12-31,15.8966,15.99083,15.8646,15.8891,15.8891,0
2022-01-03,15.9306,15.9728,15.7696,15.9299,15.9299,0
2022-01-04,15.863,16.071501,15.7735,15.8615,15.8615,0
2022-01-05,15.99962,16.05513,15.7131,15.99912,15.99912,0
2022-01-06,15.8562,15.98012,15.6661,15.85063,15.85063,0
2022-01-07,15.6927,15.78155,15.5526,15.6973,15.6973,0
2022-01-10,15.54892,15.73537,15.53545,15.54733,15.54733,0
2022-01-11,15.6595,15.69115,15.5016,15.6593,15.6593,0
2022-01-12,15.5053,15.55157,15.3134,15.48848,15.48848,0
2022-01-13,15.2691,15.442,15.23233,15.27967,15.27967,0
2022-01-14,15.3959,15.44129,15.2603,15.3946,15.3946,0
2022-01-17,15.31502,15.4493,15.31502,15.31875,15.31875,0
2022-01-18,15.36391,15.51165,15.339,15.3296,15.3296,0
2022-01-19,15.4895,15.5303,15.2678,15.4871,15.4871,0
2022-01-20,15.28595,15.34075,15.0966,15.29739,15.29739,0
2022-01-21,15.2305,15.2615,15.0565,15.2157,15.2157,0
2022-01-24,15.05722,15.36059,15.0535,15.06206,15.06206,0
2022-01-25,15.2281,15.35949,15.20976,15.23,15.23,0
2022-01-26,15.2375,15.27147,15.1114,15.2375,15.2375,0
2022-01-27,15.28858,15.46299,15.2149,15.29272,15.29272,0
2022-01-28,15.43014,15.699,15.3828,15.43066,15.43066,0
2022-01-31,15.57555,15.60265,15.3903,15.58227,15.58227,0
2022-02-01,15.34895,15.4139,15.1937,15.34202,15.34202,0
2022-02-02,15.235,15.3925,15.1913,15.235,15.235,0
2022-02-03,15.30793,15.3924,15.24862,15.30661,15.30661,0
2022-02-04,15.2508,15.527,15.1898,15.23155,15.23155,0
2022-02-07,15.42279,15.54797,15.3821,15.4153,15.4153,0
2022-02-08,15.47595,15.58215,15.3476,15.4859,15.4859,0
2022-02-09,15.32,15.38643,15.2232,15.32115,15.32115,0
2022-02-10,15.17005,15.25331,14.9831,15.2056,15.2056,0
2022-02-11,15.13024,15.2382,15.0561,15.155,15.155,0
2022-02-14,15.18881,15.2734,15.0975,15.20278,15.20278,0
2022-02-15,15.0775,15.24105,14.9876,15.07757,15.07757,0
2022-02-16,15.06675,15.14594,15.0176,15.0924,15.0924,0
2022-02-17,14.97826,15.08783,14.911,15.0012,15.0012,0
2022-02-18,14.97385,15.15104,14.9243,14.9964,14.9964,0
2022-02-21,15.10525,15.1983,15.0161,15.11018,15.11018,0
2022-02-22,15.12295,15.2268,15.01775,15.1375,15.1375,0
2022-02-23,15.0625,15.1008,14.9758,15.0578,15.0578,0
2022-02-24,15.1125,15.52304,15.0913,15.0935,15.0935,0
2022-02-25,15.3532,15.3678,15.117,15.33415,15.33415,0
2022-02-28,15.35281,15.4888,15.2749,15.35281,15.35281,0
2022-03-01,15.3682,15.43369,15.2535,15.3262,15.3262,0
2022-03-02,15.3888,15.5575,15.2825,15.396,15.396,0
2022-03-03,15.29195,15.37575,15.15891,15.2902,15.2902,0
2022-03-04,15.1686,15.49117,15.16407,15.16823,15.16823,0
2022-03-07,15.29611,15.46281,15.24979,15.2979,15.2979,0
2022-03-08,15.3365,15.39445,15.24694,15.3366,15.3366,0
2022-03-09,15.2721,15.2926,14.9749,15.2721,15.2721,0
2022-03-10,14.9839,15.16047,14.9813,15.0097,15.0097,0
2022-03-11,15.0339,15.11775,14.9687,15.02258,15.02258,0
2022-03-14,15,15.13172,14.98819,15,15,0
2022-03-15,15.09285,15.1739,15.0566,15.09295,15.09295,0
2022-03-16,15.0864,15.1288,14.96382,15.0874,15.0874,0
2022-03-17,14.88192,14.97607,14.87209,14.9062,14.9062,0
2022-03-18,14.8827,15.028,14.8785,14.9044,14.9044,0
2022-03-21,14.9258,15.0148,14.8643,14.92243,14.92243,0
2022-03-22,14.9201,14.98627,14.78525,14.89875,14.89875,0
2022-03-23,14.8024,14.83119,14.7247,14.804,14.804,0
2022-03-24,14.7277,14.79,14.5094,14.7306,14.7306,0
2022-03-25,14.5019,14.6117,14.466,14.48568,14.48568,0
2022-03-28,14.55359,14.7291,14.5036,14.55359,14.55359,0
2022-03-29,14.6504,14.7177,14.51827,14.6504,14.6504,0
2022-03-30,14.5029,14.5346,14.428,14.5029,14.5029,0
2022-03-31,14.4822,14.6387,14.3926,14.4822,14.4822,0
2022-04-01,14.5954,14.7006,14.535,14.5954,14.5954,0
2022-04-04,14.6502,14.65387,14.5533,14.6502,14.6502,0
2022-04-05,14.5742,14.6501,14.5016,14.5742,14.5742,0
2022-04-06,14.6716,14.74155,14.60225,14.6716,14.6716,0
2022-04-07,14.6772,14.8087,14.631,14.6772,14.6772,0
2022-04-08,14.7222,14.767,14.6346,14.7222,14.7222,0
2022-04-11,14.6354,14.68749,14.5613,14.6354,14.6354,0
2022-04-12,14.55186,14.59745,14.4467,14.55186,14.55186,0
2022-04-13,14.51439,14.58596,14.4335,14.51439,14.51439,0
2022-04-14,14.5313,14.74045,14.4822,14.5313,14.5313,0
2022-04-15,14.6387,14.6858,14.5694,14.6387,14.6387,0
2022-04-18,14.6222,14.72295,14.5416,14.6222,14.6222,0
2022-04-19,14.654,14.9736,14.6373,14.654,14.654,0
2022-04-20,14.9602,15.09396,14.9056,14.9602,14.9602,0
2022-04-21,15.0246,15.41976,14.9915,15.0246,15.0246,0
2022-04-22,15.35912,15.67233,15.3455,15.35912,15.35912,0
2022-04-25,15.56954,15.7911,15.5907,15.56954,15.56954,0
2022-04-26,15.6731,15.83558,15.6171,15.6731,15.6731,0
2022-04-27,15.82465,15.98507,15.7659,15.82465,15.82465,0
2022-04-28,15.86366,16.129,15.75468,15.86366,15.86366,0
2022-04-29,15.9825,16.013651,15.7275,15.9825,15.9825,0
2022-05-02,15.7941,16.19228,15.75095,15.7941,15.7941,0
2022-05-03,16.107599,16.142799,15.75985,16.107599,16.107599,0
2022-05-04,15.73324,15.86325,15.7071,15.73324,15.73324,0
2022-05-05,15.4688,16.067551,15.4129,15.4688,15.4688,0
2022-05-06,15.9796,16.169901,15.89865,15.9796,15.9796,0
2022-05-09,16.061501,16.267099,16.055099,16.061501,16.061501,0
2022-05-10,16.2222,16.26214,16.051399,16.2222,16.2222,0
2022-05-11,16.11887,16.185341,15.9737,16.11887,16.11887,0
2022-05-12,16.0784,16.26136,16.029699,16.0784,16.0784,0
2022-05-13,16.0562,16.2869,15.961,16.0562,16.0562,0
2022-05-16,16.14992,16.311899,16.0896,16.14992,16.14992,0
2022-05-17,16.12211,16.15274,15.8972,16.12211,16.12211,0
2022-05-18,15.90233,15.9998,15.8591,15.90233,15.90233,0
2022-05-19,16.067499,16.080099,15.7659,16.067499,16.067499,0
2022-05-20,15.8321,15.8992,15.7833,15.8321,15.8321,0
2022-05-23,15.83406,15.8689,15.63343,15.83406,15.83406,0
2022-05-24,15.7763,15.84875,15.6211,15.7763,15.7763,0
2022-05-25,15.62205,15.7526,15.56205,15.62205,15.62205,0
2022-05-26,15.7166,15.85603,15.6513,15.7166,15.7166,0
2022-05-27,15.67497,15.73722,15.5286,15.67497,15.67497,0
2022-05-30,15.565,15.60291,15.4437,15.565,15.565,0
2022-05-31,15.4768,15.6814,15.4497,15.4768,15.4768,0
2022-06-01,15.59551,15.70008,15.4748,15.59551,15.59551,0
2022-06-02,15.5933,15.62468,15.4495,15.5933,15.5933,0
2022-06-03,15.4484,15.56321,15.3778,15.4484,15.4484,0
2022-06-06,15.5361,15.5447,15.2879,15.5361,15.5361,0
2022-06-07,15.4217,15.54249,15.3245,15.4217,15.4217,0
2022-06-08,15.36428,15.43658,15.2465,15.36428,15.36428,0
2022-06-09,15.2776,15.42075,15.1674,15.2776,15.2776,0
2022-06-10,15.4745,15.86655,15.3956,15.4745,15.4745,0
2022-06-13,15.85828,16.180691,15.8668,15.85828,15.85828,0
2022-06-14,16.1129,16.14958,15.96541,16.1129,16.1129,0
2022-06-15,16.014999,16.08354,15.9207,16.014999,16.014999,0
2022-06-16,15.7393,16.098,15.7103,15.7393,15.7393,0
2022-06-17,15.9962,16.047791,15.858,15.9962,15.9962,0
2022-06-20,15.97665,16.0858,15.9396,15.97665,15.97665,0
2022-06-21,16.0236,16.05298,15.8212,16.0236,16.0236,0
2022-06-22,15.91456,16.043449,15.8507,15.91456,15.91456,0
2022-06-23,15.89961,16.0488,15.899,15.89961,15.89961,0
2022-06-24,15.93541,15.9761,15.7582,15.93541,15.93541,0
2022-06-27,15.7649,15.9242,15.7579,15.7649,15.7649,0
2022-06-28,15.8273,16.075399,15.8071,15.8273,15.8273,0
2022-06-29,16.0634,16.292101,16.0002,16.0634,16.0634,0
2022-06-30,16.2087,16.4687,16.171101,16.2087,16.2087,0
2022-07-01,16.255739,16.491199,16.253799,16.255739,16.255739,0
2022-07-04,16.31185,16.361731,16.2222,16.3958,16.3958,0
2022-07-05,16.331499,16.60214,16.220381,16.331499,16.331499,0
2022-07-06,16.53335,16.8528,16.474899,16.53335,16.53335,0
2022-07-07,16.764299,16.85437,16.6891,16.764299,16.764299,0
2022-07-08,16.68611,16.962,16.645901,16.68611,16.68611,0
2022-07-11,16.81283,17.1099,16.816601,16.81283,16.81283,0
2022-07-12,17.0735,17.181351,16.939899,17.0735,17.0735,0
2022-07-13,17.017241,17.159691,16.8657,17.017241,17.017241,0
2022-07-14,16.945299,17.299311,16.8923,16.945299,16.945299,0
2022-07-15,17.121799,17.277901,17.04295,17.121799,17.121799,0
2022-07-18,17.045,17.17259,16.972891,17.045,17.045,0
2022-07-19,17.09075,17.14884,16.940901,17.09075,17.09075,0
2022-07-20,17.0725,17.182899,17.0238,17.0725,17.0725,0
2022-07-21,17.123301,17.253799,16.9907,17.123301,17.123301,0
2022-07-22,17.0354,17.084499,16.7868,17.0354,17.0354,0
2022-07-25,16.788099,16.88447,16.704201,16.788099,16.788099,0
2022-07-26,16.779301,16.97031,16.6791,16.779301,16.779301,0
2022-07-27,16.8584,16.92614,16.7955,16.8584,16.8584,0
2022-07-28,16.667,16.823,16.5474,16.667,16.667,0
2022-07-29,16.526199,16.67248,16.38975,16.526199,16.526199,0
2022-08-01,16.60504,16.6663,16.41408,16.60504,16.60504,0
2022-08-02,16.476151,16.6623,16.434799,16.476151,16.476151,0
2022-08-03,16.806049,16.9132,16.632401,16.806049,16.806049,0
2022-08-04,16.7397,16.818899,16.6644,16.7397,16.7397,0
2022-08-05,16.57555,16.857599,16.5401,16.57555,16.57555,0
2022-08-08,16.7726,16.79286,16.563601,16.7726,16.7726,0
2022-08-09,16.625401,16.6605,16.5455,16.625401,16.625401,0
2022-08-10,16.5665,16.626551,16.1161,16.5665,16.5665,0
2022-08-11,16.171761,16.257,16.109699,16.171761,16.171761,0
2022-08-12,16.236799,16.2994,16.153099,16.236799,16.236799,0
2022-08-15,16.180599,16.425039,16.175501,16.235201,16.235201,0
2022-08-16,16.42111,16.502871,16.3902,16.42111,16.42111,0
2022-08-17,16.3652,16.684099,16.3333,16.3652,16.3652,0
2022-08-18,16.645,16.8414,16.620701,16.645,16.645,0
2022-08-19,16.8529,17.027201,16.8375,16.8529,16.8529,0
2022-08-22,17.00741,17.09083,16.96637,17.00741,17.00741,0
2022-08-23,16.989111,17.128019,16.908701,16.989111,16.989111,0
2022-08-24,16.959841,17.0637,16.905899,16.959841,16.959841,0
2022-08-25,16.9102,16.946289,16.741899,16.9102,16.9102,0
2022-08-26,16.70857,16.8671,16.7113,16.70857,16.70857,0
2022-08-29,16.911249,17.005989,16.7787,16.911249,16.911249,0
2022-08-30,16.809641,16.972799,16.7451,16.809641,16.809641,0
2022-08-31,16.9578,17.087179,16.858629,16.9578,16.9578,0
2022-09-01,17.105209,17.30493,17.088301,17.105209,17.105209,0
2022-09-02,17.2519,17.345699,17.172701,17.2519,17.2519,0
2022-09-05,17.3009,17.418039,17.1465,17.3009,17.3009,0
2022-09-06,17.162201,17.331301,17.0179,17.162201,17.162201,0
2022-09-07,17.276621,17.4615,17.2628,17.276621,17.276621,0
2022-09-08,17.23802,17.502001,17.21965,17.23802,17.23802,0
2022-09-09,17.491699,17.49625,17.2148,17.491699,17.491699,0
2022-09-12,17.243,17.310101,17.040899,17.243,17.243,0
2022-09-13,17.07958,17.3925,16.9923,17.07958,17.07958,0
2022-09-14,17.391899,17.49296,17.3592,17.391899,17.391899,0
2022-09-15,17.473301,17.57135,17.428301,17.473301,17.473301,0
2022-09-16,17.563999,17.7115,17.5369,17.563999,17.563999,0
2022-09-19,17.609529,17.783501,17.5847,17.609529,17.609529,0
2022-09-20,17.625999,17.805651,17.590099,17.625999,17.625999,0
2022-09-21,17.688101,17.778,17.621099,17.688101,17.688101,0
2022-09-22,17.7148,17.79141,17.4445,17.7148,17.7148,0
2022-09-23,17.55949,17.955,17.5289,17.55949,17.55949,0
2022-09-26,17.937,18.10874,17.9053,17.937,17.937,0
2022-09-27,18.062099,18.0646,17.8358,18.062099,18.062099,0
2022-09-28,17.9827,18.212,17.85891,17.9827,17.9827,0
2022-09-29,17.854601,18.098499,17.807199,17.854601,17.854601,0
2022-09-30,17.96559,18.0777,17.87067,17.96559,17.96559,0
2022-10-03,18.0525,18.105801,17.8202,18.0525,18.0525,0
2022-10-04,17.6313,17.854601,17.609501,17.6313,17.6313,0
2022-10-05,17.627899,17.88685,16.9627,17.627899,17.627899,0
2022-10-06,17.78957,18.000629,17.6343,17.78957,17.78957,0
2022-10-07,17.961201,18.153151,17.9345,17.961201,17.961201,0
2022-10-10,18.094999,18.2332,18.0051,18.094999,18.094999,0
2022-10-11,18.0819,18.179251,18.003599,18.0819,18.0819,0
2022-10-12,18.139999,18.295401,18.0851,18.139999,18.139999,0
2022-10-13,18.2754,18.55822,18.160299,18.2754,18.2754,0
2022-10-14,18.2265,18.3085,18.023701,18.2265,18.2265,0
2022-10-17,18.2346,18.3176,17.988899,18.2346,18.2346,0
2022-10-18,18.056101,18.183201,17.9307,18.056101,18.056101,0
2022-10-19,18.062099,18.28294,18.025169,18.062099,18.062099,0
2022-10-20,18.196899,18.37191,18.00009,18.196899,18.196899,0
2022-10-21,18.2971,18.525999,18.104521,18.2971,18.2971,0
2022-10-24,18.0347,18.449949,18.035801,18.0347,18.0347,0
2022-10-25,18.3953,18.497999,18.18,18.3953,18.3953,0
2022-10-26,18.184601,18.244381,17.903099,18.184601,18.184601,0
2022-10-27,17.9093,18.096001,17.8312,17.9093,17.9093,0
2022-10-28,17.935699,18.174801,17.858299,17.935699,17.935699,0
2022-10-31,18.115,18.39275,18.094999,18.115,18.115,0
2022-11-01,18.3027,18.353559,18.055599,18.3027,18.3027,0
2022-11-02,18.208799,18.2209,17.9727,18.208799,18.208799,0
2022-11-03,18.2309,18.520571,18.177,18.2309,18.2309,0
2022-11-04,18.374849,18.3936,17.9478,18.374849,18.374849,0
2022-11-07,17.97035,18.052799,17.677,17.97035,17.97035,0
2022-11-08,17.710501,17.863701,17.613411,17.710501,17.710501,0
2022-11-09,17.700701,17.853109,17.647499,17.700701,17.700701,0
2022-11-10,17.750299,17.832951,17.409201,17.750299,17.750299,0
2022-11-11,17.3409,17.450701,17.20899,17.3409,17.3409,0
2022-11-14,17.2449,17.3708,17.03413,17.2449,17.2449,0
2022-11-15,17.2754,17.3272,17.243999,17.25128,17.25128,0
