Date,Adj_Close,Open,High,Low,Vol.,Change %
11/11/2022,7318.04,"7,375.34","7,408.61","7,316.84",931.07M,-0.78%
10/11/2022,7375.34,"7,296.25","7,405.09","7,253.36",769.32M,1.08%
09/11/2022,7296.25,"7,306.14","7,307.80","7,263.46",529.92M,-0.14%
08/11/2022,7306.14,"7,299.99","7,313.46","7,244.83",788.99M,0.08%
07/11/2022,7299.99,"7,334.84","7,346.66","7,288.00",718.25M,-0.48%
04/11/2022,7334.84,"7,188.63","7,376.23","7,188.63",907.02M,2.03%
03/11/2022,7188.63,"7,144.14","7,188.63","7,076.47",710.16M,0.62%
02/11/2022,7144.14,"7,186.16","7,205.07","7,130.50",686.59M,-0.58%
01/11/2022,7186.16,"7,094.53","7,221.32","7,094.53",879.61M,1.29%
31/10/2022,7094.53,"7,047.67","7,132.85","7,030.12",863.93M,0.66%
28/10/2022,7047.67,"7,073.69","7,073.69","6,997.54",683.67M,-0.37%
27/10/2022,7073.69,"7,056.07","7,093.05","7,034.24",920.15M,0.25%
26/10/2022,7056.07,"7,013.48","7,057.42","6,960.11",1.02B,0.61%
25/10/2022,7013.48,"7,013.99","7,025.22","6,949.24",619.92M,-0.01%
24/10/2022,7013.99,"6,969.73","7,047.37","6,914.66",619.99M,0.64%
21/10/2022,6969.73,"6,943.91","6,976.19","6,864.13",668.39M,0.37%
20/10/2022,6943.91,"6,924.99","6,954.21","6,894.85",812.74M,0.27%
19/10/2022,6924.99,"6,936.74","6,968.33","6,890.66",699.52M,-0.17%
18/10/2022,6936.74,"6,920.24","7,017.40","6,920.24",798.46M,0.24%
17/10/2022,6920.24,"6,858.79","6,959.71","6,850.43",951.02M,0.90%
14/10/2022,6858.79,"6,850.27","6,976.30","6,850.27",881.17M,0.12%
13/10/2022,6850.27,"6,826.15","6,872.90","6,707.62",1.12B,0.35%
12/10/2022,6826.15,"6,885.23","6,916.94","6,793.77",970.01M,-0.86%
11/10/2022,6885.23,"6,959.31","6,959.43","6,860.31",813.48M,-1.06%
10/10/2022,6959.31,"6,991.09","6,999.20","6,922.94",918.37M,-0.45%
07/10/2022,6991.09,"6,997.27","7,022.41","6,960.36",769.47M,-0.09%
06/10/2022,6997.27,"7,052.62","7,079.74","6,961.10",995.42M,-0.78%
05/10/2022,7052.62,"7,086.46","7,086.46","6,977.95",866.09M,-0.48%
04/10/2022,7086.46,"6,908.76","7,088.17","6,908.67",1.09B,2.57%
03/10/2022,6908.76,"6,893.81","6,923.75","6,797.37",1.22B,0.22%
30/09/2022,6893.81,"6,881.59","6,954.92","6,840.07",1.17B,0.18%
29/09/2022,6881.59,"7,005.39","7,005.39","6,829.29",1.16B,-1.77%
28/09/2022,7005.39,"6,984.59","7,011.50","6,836.28",1.52B,0.30%
27/09/2022,6984.59,"7,020.95","7,073.96","6,984.59",1.22B,-0.52%
26/09/2022,7020.95,"7,018.60","7,071.11","6,937.40",1.16B,0.03%
23/09/2022,7018.6,"7,159.52","7,169.12","6,981.50",971.11M,-1.97%
22/09/2022,7159.52,"7,237.64","7,243.90","7,149.59",904.88M,-1.08%
21/09/2022,7237.64,"7,192.66","7,258.87","7,170.69",1.44B,0.63%
20/09/2022,7192.66,"7,236.68","7,326.54","7,171.24",1.05B,-0.61%
16/09/2022,7236.68,"7,282.07","7,297.10","7,236.17",2.14B,-0.62%
15/09/2022,7282.07,"7,277.30","7,329.00","7,258.67",843.74M,0.07%
14/09/2022,7277.3,"7,385.86","7,385.86","7,259.24",1.02B,-1.47%
13/09/2022,7385.86,"7,473.03","7,514.04","7,385.86",712.02M,-1.17%
12/09/2022,7473.03,"7,351.07","7,483.00","7,351.07",901.66M,1.66%
09/09/2022,7351.07,"7,262.06","7,386.59","7,262.06",703.94M,1.23%
08/09/2022,7262.06,"7,237.83","7,273.01","7,175.75",658.61M,0.33%
07/09/2022,7237.83,"7,300.44","7,300.44","7,186.56",1.17B,-0.86%
06/09/2022,7300.44,"7,287.43","7,324.19","7,256.51",833.65M,0.18%
05/09/2022,7287.43,"7,281.19","7,288.46","7,191.17",670.76M,0.09%
02/09/2022,7281.19,"7,148.50","7,288.72","7,148.50",820.84M,1.86%
01/09/2022,7148.5,"7,284.15","7,284.15","7,131.69",739.22M,-1.86%
31/08/2022,7284.15,"7,361.63","7,378.44","7,263.62",1.15B,-1.05%
30/08/2022,7361.63,"7,427.31","7,486.40","7,351.12",1.12B,-0.88%
26/08/2022,7427.31,"7,479.74","7,530.65","7,422.02",627.20M,-0.70%
25/08/2022,7479.74,"7,471.51","7,535.70","7,469.17",438.29M,0.11%
24/08/2022,7471.51,"7,488.11","7,488.12","7,410.40",579.00M,-0.22%
23/08/2022,7488.11,"7,533.79","7,533.79","7,467.56",672.51M,-0.61%
22/08/2022,7533.79,"7,550.37","7,550.41","7,491.26",575.33M,-0.22%
19/08/2022,7550.37,"7,541.85","7,578.85","7,513.26",698.78M,0.11%
18/08/2022,7541.85,"7,515.75","7,541.89","7,493.66",590.65M,0.35%
17/08/2022,7515.75,"7,536.06","7,554.04","7,501.54",505.66M,-0.27%
16/08/2022,7536.06,"7,509.15","7,563.67","7,509.15",513.90M,0.36%
15/08/2022,7509.15,"7,500.89","7,539.21","7,463.51",460.48M,0.11%
12/08/2022,7500.89,"7,465.91","7,516.83","7,464.12",497.63M,0.47%
11/08/2022,7465.91,"7,507.11","7,515.00","7,460.11",629.90M,-0.55%
10/08/2022,7507.11,"7,488.15","7,520.72","7,468.64",741.05M,0.25%
09/08/2022,7488.15,"7,482.37","7,504.64","7,475.04",648.38M,0.08%
08/08/2022,7482.37,"7,439.74","7,513.76","7,439.74",626.01M,0.57%
05/08/2022,7439.74,"7,448.06","7,470.63","7,420.16",598.72M,-0.11%
04/08/2022,7448.06,"7,445.68","7,491.74","7,417.49",856.62M,0.03%
03/08/2022,7445.68,"7,409.11","7,445.90","7,372.71",878.40M,0.49%
02/08/2022,7409.11,"7,413.42","7,433.34","7,386.76",622.64M,-0.06%
01/08/2022,7413.42,"7,446.01","7,471.87","7,408.94",551.73M,-0.13%
29/07/2022,7423.43,"7,345.25","7,441.20","7,345.25",883.36M,1.06%
28/07/2022,7345.25,"7,348.23","7,396.20","7,308.99",744.54M,-0.04%
27/07/2022,7348.23,"7,306.28","7,365.22","7,306.28",1.19B,0.57%
26/07/2022,7306.28,"7,306.30","7,365.37","7,301.19",730.91M,0.00%
25/07/2022,7306.3,"7,276.37","7,309.65","7,242.90",711.40M,0.41%
22/07/2022,7276.37,"7,270.51","7,315.34","7,254.02",606.88M,0.08%
21/07/2022,7270.51,"7,264.31","7,274.73","7,200.14",797.90M,0.09%
20/07/2022,7264.31,"7,296.28","7,347.60","7,253.56",1.06B,-0.44%
19/07/2022,7296.28,"7,223.24","7,308.99","7,174.40",665.79M,1.01%
18/07/2022,7223.24,"7,159.01","7,268.88","7,159.01",668.12M,0.90%
15/07/2022,7159.01,"7,039.81","7,167.85","7,038.15",782.83M,1.69%
14/07/2022,7039.81,"7,156.37","7,157.62","7,007.09",848.22M,-1.63%
13/07/2022,7156.37,"7,209.86","7,209.86","7,104.06",805.87M,-0.74%
12/07/2022,7209.86,"7,196.59","7,216.90","7,143.31",851.98M,0.18%
11/07/2022,7196.59,"7,196.24","7,204.06","7,097.42",674.30M,0.00%
08/07/2022,7196.24,"7,189.08","7,210.58","7,129.15",604.18M,0.10%
07/07/2022,7189.08,"7,107.77","7,213.05","7,107.77",1.09B,1.14%
06/07/2022,7107.77,"7,025.47","7,198.72","7,025.35",929.87M,1.17%
05/07/2022,7025.47,"7,232.65","7,260.30","7,016.78",1.10B,-2.86%
04/07/2022,7232.65,"7,168.65","7,258.46","7,168.65",416.52M,0.89%
01/07/2022,7168.65,"7,169.28","7,214.82","7,101.38",676.87M,-0.01%
30/06/2022,7169.28,"7,312.32","7,312.32","7,110.70",903.28M,-1.96%
29/06/2022,7312.32,"7,323.41","7,345.45","7,263.54",717.60M,-0.15%
28/06/2022,7323.41,"7,258.32","7,362.37","7,258.32",735.14M,0.90%
27/06/2022,7258.32,"7,208.81","7,284.48","7,208.52",801.39M,0.69%
24/06/2022,7208.81,"7,020.45","7,211.07","7,016.02",771.05M,2.68%
23/06/2022,7020.45,"7,089.22","7,115.80","7,014.19",763.77M,-0.97%
22/06/2022,7089.22,"7,152.05","7,152.05","7,030.03",1.20B,-0.88%
21/06/2022,7152.05,"7,121.81","7,193.90","7,119.25",580.24M,0.42%
20/06/2022,7121.81,"7,016.25","7,129.64","7,016.15",666.46M,1.50%
17/06/2022,7016.25,"7,044.98","7,130.62","6,998.17",1.90B,-0.41%
16/06/2022,7044.98,"7,273.41","7,273.41","7,039.47",1.14B,-3.14%
15/06/2022,7273.41,"7,187.46","7,313.70","7,186.50",1.09B,1.20%
14/06/2022,7187.46,"7,205.81","7,271.85","7,135.15",864.70M,-0.25%
13/06/2022,7205.81,"7,317.52","7,317.52","7,174.02",979.94M,-1.53%
10/06/2022,7317.52,"7,476.21","7,476.21","7,294.20",911.37M,-2.12%
09/06/2022,7476.21,"7,593.00","7,593.00","7,472.29",771.94M,-1.54%
08/06/2022,7593.0,"7,598.93","7,616.22","7,550.65",776.34M,-0.08%
07/06/2022,7598.93,"7,608.22","7,617.53","7,570.67",750.10M,-0.12%
06/06/2022,7608.22,"7,532.95","7,646.66","7,532.84",694.54M,1.00%
01/06/2022,7532.95,"7,607.66","7,639.21","7,529.23",728.80M,-0.98%
31/05/2022,7607.66,"7,600.06","7,648.26","7,591.84",1.62B,0.10%
30/05/2022,7600.06,"7,585.46","7,625.63","7,576.37",1.01B,0.19%
27/05/2022,7585.46,"7,564.92","7,597.64","7,542.78",705.20M,0.27%
26/05/2022,7564.92,"7,522.75","7,575.53","7,512.45",709.53M,0.56%
25/05/2022,7522.75,"7,484.35","7,546.41","7,484.35",896.38M,0.51%
24/05/2022,7484.35,"7,513.44","7,529.65","7,434.46",1.11B,-0.39%
23/05/2022,7513.44,"7,389.98","7,513.44","7,389.98",805.45M,1.67%
20/05/2022,7389.98,"7,302.74","7,453.49","7,302.74",789.83M,1.19%
19/05/2022,7302.74,"7,438.09","7,438.09","7,228.67",1.04B,-1.82%
18/05/2022,7438.09,"7,518.35","7,526.14","7,438.09",829.89M,-1.07%
17/05/2022,7518.35,"7,464.80","7,538.68","7,464.80",811.23M,0.72%
16/05/2022,7464.8,"7,418.15","7,464.80","7,361.72",814.21M,0.63%
13/05/2022,7418.15,"7,233.34","7,421.95","7,233.34",871.81M,2.55%
12/05/2022,7233.34,"7,347.66","7,347.66","7,158.53",964.33M,-1.56%
11/05/2022,7347.66,"7,243.22","7,349.70","7,238.97",1.17B,1.44%
10/05/2022,7243.22,"7,216.58","7,311.65","7,216.58",919.89M,0.37%
09/05/2022,7216.58,"7,387.94","7,391.59","7,216.58",795.91M,-2.32%
06/05/2022,7387.94,"7,503.27","7,503.27","7,354.06",1.09B,-1.54%
05/05/2022,7503.27,"7,493.45","7,619.39","7,493.45",930.90M,0.13%
04/05/2022,7493.45,"7,561.33","7,572.65","7,493.45",686.24M,-0.90%
03/05/2022,7561.33,"7,544.55","7,561.33","7,475.69",1.34B,0.22%
29/04/2022,7544.55,"7,509.19","7,569.80","7,509.19",980.48M,0.47%
28/04/2022,7509.19,"7,425.61","7,519.70","7,425.61",911.15M,1.13%
27/04/2022,7425.61,"7,386.19","7,458.24","7,344.89",958.20M,0.53%
26/04/2022,7386.19,"7,380.54","7,463.15","7,380.54",847.40M,0.08%
25/04/2022,7380.54,"7,521.68","7,521.68","7,339.53",739.45M,-1.88%
22/04/2022,7521.68,"7,627.95","7,628.03","7,521.68",694.60M,-1.39%
21/04/2022,7627.95,"7,629.22","7,656.47","7,596.29",763.26M,-0.02%
20/04/2022,7629.22,"7,601.28","7,637.87","7,590.62",1.18B,0.37%
19/04/2022,7601.28,"7,616.38","7,624.90","7,565.81",846.78M,-0.20%
14/04/2022,7616.38,"7,580.80","7,622.41","7,551.39",1.01B,0.47%
13/04/2022,7580.8,"7,576.66","7,597.85","7,550.94",742.67M,0.05%
12/04/2022,7576.66,"7,618.31","7,618.31","7,543.03",772.40M,-0.55%
11/04/2022,7618.31,"7,669.56","7,669.56","7,611.68",751.36M,-0.67%
08/04/2022,7669.56,"7,551.81","7,669.56","7,551.81",919.25M,1.56%
07/04/2022,7551.81,"7,587.70","7,601.52","7,537.25",1.15B,-0.47%
06/04/2022,7587.7,"7,613.72","7,614.13","7,536.20",1.10B,-0.34%
05/04/2022,7613.72,"7,558.92","7,613.72","7,536.21",1.21B,0.72%
04/04/2022,7558.92,"7,537.90","7,574.33","7,532.23",837.40M,0.28%
01/04/2022,7537.9,"7,515.68","7,552.46","7,508.92",811.32M,0.30%
31/03/2022,7515.68,"7,578.75","7,595.42","7,515.68",925.36M,-0.83%
30/03/2022,7578.75,"7,537.25","7,578.75","7,523.82",996.86M,0.55%
29/03/2022,7537.25,"7,473.14","7,584.11","7,473.14",1.17B,0.86%
28/03/2022,7473.14,"7,483.35","7,539.30","7,471.47",763.98M,-0.14%
25/03/2022,7483.35,"7,467.38","7,502.67","7,441.28",866.85M,0.21%
24/03/2022,7467.38,"7,460.63","7,492.00","7,453.25",701.68M,0.09%
23/03/2022,7460.63,"7,476.72","7,521.14","7,459.36",857.90M,-0.22%
22/03/2022,7476.72,"7,442.39","7,490.46","7,442.39",1.03B,0.46%
21/03/2022,7442.39,"7,404.73","7,464.95","7,402.60",798.50M,0.51%
18/03/2022,7404.73,"7,385.34","7,406.13","7,318.90",2.27B,0.26%
17/03/2022,7385.34,"7,291.68","7,385.34","7,260.51",1.09B,1.28%
16/03/2022,7291.68,"7,175.70","7,312.23","7,175.70",1.91B,1.62%
15/03/2022,7175.7,"7,193.47","7,193.47","7,075.82",870.28M,-0.25%
14/03/2022,7193.47,"7,155.64","7,222.87","7,143.95",915.52M,0.53%
11/03/2022,7155.64,"7,099.09","7,260.40","7,099.03",973.20M,0.80%
10/03/2022,7099.09,"7,190.72","7,192.75","7,065.96",1.14B,-1.27%
09/03/2022,7190.72,"6,964.11","7,190.72","6,964.11",1.24B,3.25%
08/03/2022,6964.11,"6,959.48","7,013.51","6,893.55",1.44B,0.07%
07/03/2022,6959.48,"6,987.14","7,030.74","6,787.98",2.11B,-0.40%
04/03/2022,6987.14,"7,238.85","7,238.85","6,980.86",1.56B,-3.48%
03/03/2022,7238.85,"7,429.56","7,468.83","7,231.51",1.23B,-2.57%
02/03/2022,7429.56,"7,330.20","7,462.22","7,320.77",1.33B,1.36%
01/03/2022,7330.2,"7,458.25","7,499.33","7,327.79",1.34B,-1.72%
28/02/2022,7458.25,"7,489.46","7,489.46","7,361.59",1.58B,-0.42%
25/02/2022,7489.46,"7,207.38","7,497.94","7,207.38",1.37B,3.91%
24/02/2022,7207.38,"7,498.18","7,498.18","7,204.74",1.95B,-3.88%
23/02/2022,7498.18,"7,494.21","7,549.98","7,490.54",862.65M,0.05%
22/02/2022,7494.21,"7,484.33","7,531.32","7,365.04",1.02B,0.13%
21/02/2022,7484.33,"7,513.62","7,571.07","7,446.43",622.64M,-0.39%
18/02/2022,7513.62,"7,537.37","7,570.56","7,508.73",768.99M,-0.32%
17/02/2022,7537.37,"7,603.78","7,607.24","7,499.86",776.93M,-0.87%
16/02/2022,7603.78,"7,608.92","7,630.72","7,560.94",1.13B,-0.07%
15/02/2022,7608.92,"7,531.59","7,608.92","7,513.16",808.11M,1.03%
14/02/2022,7531.59,"7,661.02","7,661.02","7,483.36",925.23M,-1.69%
11/02/2022,7661.02,"7,672.40","7,672.40","7,596.11",909.14M,-0.15%
10/02/2022,7672.4,"7,643.42","7,687.27","7,622.74",831.34M,0.38%
09/02/2022,7643.42,"7,567.07","7,657.93","7,567.07",992.00M,1.01%
08/02/2022,7567.07,"7,573.47","7,631.31","7,548.19",804.06M,-0.08%
07/02/2022,7573.47,"7,516.40","7,591.65","7,508.48",1.07B,0.76%
04/02/2022,7516.4,"7,528.84","7,599.73","7,497.21",883.70M,-0.17%
03/02/2022,7528.84,"7,583.00","7,605.75","7,528.69",911.77M,-0.71%
02/02/2022,7583.0,"7,535.78","7,605.64","7,535.78",719.79M,0.63%
01/02/2022,7535.78,"7,464.37","7,549.29","7,463.01",746.04M,0.96%
31/01/2022,7464.37,"7,466.07","7,523.95","7,450.89",760.52M,-0.02%
28/01/2022,7466.07,"7,554.31","7,554.31","7,420.20",1.53B,-1.17%
27/01/2022,7554.31,"7,469.78","7,596.70","7,388.80",1.01B,1.13%
26/01/2022,7469.78,"7,371.46","7,525.58","7,371.46",783.18M,1.33%
25/01/2022,7371.46,"7,297.15","7,382.60","7,297.15",851.98M,1.02%
24/01/2022,7297.15,"7,494.13","7,494.13","7,283.38",1.29B,-2.63%
21/01/2022,7494.13,"7,585.01","7,585.01","7,450.49",818.94M,-1.20%
20/01/2022,7585.01,"7,589.66","7,619.01","7,549.87",777.76M,-0.06%
19/01/2022,7589.66,"7,563.55","7,614.93","7,525.15",864.60M,0.35%
18/01/2022,7563.55,"7,611.23","7,613.05","7,531.96",953.23M,-0.63%
17/01/2022,7611.23,"7,542.95","7,616.06","7,542.95",791.22M,0.91%
14/01/2022,7542.95,"7,563.85","7,568.16","7,523.02",790.08M,-0.28%
13/01/2022,7563.85,"7,551.72","7,566.46","7,530.12",776.33M,0.16%
12/01/2022,7551.72,"7,491.37","7,564.20","7,491.37",872.40M,0.81%
11/01/2022,7491.37,"7,445.25","7,497.12","7,445.25",725.79M,0.62%
10/01/2022,7445.25,"7,485.28","7,496.12","7,422.94",1.05B,-0.53%
07/01/2022,7485.28,"7,450.37","7,485.28","7,431.86",705.19M,0.47%
06/01/2022,7450.37,"7,516.87","7,516.87","7,419.95",843.73M,-0.88%
05/01/2022,7516.87,"7,505.15","7,529.97","7,484.28",707.51M,0.16%
04/01/2022,7505.15,"7,384.54","7,520.79","7,384.54",934.18M,1.63%
31/12/2021,7384.54,"7,403.01","7,403.01","7,357.10",179.34M,-0.25%
30/12/2021,7403.01,"7,420.69","7,433.39","7,403.01",266.40M,-0.24%
29/12/2021,7420.69,"7,372.10","7,457.14","7,372.10",445.97M,0.66%
24/12/2021,7372.1,"7,373.34","7,403.65","7,368.83",126.01M,-0.02%
23/12/2021,7373.34,"7,341.66","7,385.42","7,331.05",422.35M,0.43%
22/12/2021,7341.66,"7,297.41","7,341.66","7,273.45",514.77M,0.61%
21/12/2021,7297.41,"7,198.03","7,297.41","7,198.03",683.67M,1.38%
20/12/2021,7198.03,"7,269.92","7,269.92","7,101.04",925.05M,-0.99%
17/12/2021,7269.92,"7,260.61","7,286.50","7,236.17",1.40B,0.13%
16/12/2021,7260.61,"7,170.75","7,273.34","7,170.75",1.04B,1.25%
15/12/2021,7170.75,"7,218.64","7,224.85","7,166.83",720.99M,-0.66%
14/12/2021,7218.64,"7,231.44","7,284.47","7,218.64",662.21M,-0.18%
13/12/2021,7231.44,"7,291.78","7,309.23","7,226.63",1.17B,-0.83%
10/12/2021,7291.78,"7,321.26","7,331.58","7,284.82",533.84M,-0.40%
09/12/2021,7321.26,"7,337.05","7,366.10","7,302.96",615.19M,-0.22%
08/12/2021,7337.05,"7,339.90","7,378.92","7,333.56",775.60M,-0.04%
07/12/2021,7339.9,"7,232.28","7,344.69","7,232.28",783.61M,1.49%
06/12/2021,7232.28,"7,122.32","7,246.25","7,122.32",637.27M,1.54%
03/12/2021,7122.32,"7,129.21","7,196.05","7,105.29",867.11M,-0.10%
02/12/2021,7129.21,"7,168.68","7,168.68","7,083.21",723.06M,-0.55%
01/12/2021,7168.68,"7,059.45","7,182.01","7,059.35",776.70M,1.55%
30/11/2021,7059.45,"7,109.95","7,109.95","6,989.66",1.40B,-0.71%
29/11/2021,7109.95,"7,044.03","7,161.91","7,044.03",945.04M,0.94%
26/11/2021,7044.03,"7,310.37","7,310.37","7,042.12",1.66B,-3.64%
25/11/2021,7310.37,"7,286.32","7,311.94","7,286.32",472.10M,0.33%
24/11/2021,7286.32,"7,266.69","7,307.89","7,245.98",610.56M,0.27%
23/11/2021,7266.69,"7,255.46","7,293.07","7,204.37",624.61M,0.15%
22/11/2021,7255.46,"7,223.57","7,272.63","7,207.81",638.19M,0.44%
19/11/2021,7223.57,"7,255.96","7,289.51","7,198.76",1.14B,-0.45%
18/11/2021,7255.96,"7,291.20","7,291.26","7,241.99",582.17M,-0.48%
17/11/2021,7291.2,"7,326.97","7,326.97","7,289.98",974.73M,-0.49%
16/11/2021,7326.97,"7,351.86","7,368.25","7,324.13",798.26M,-0.34%
15/11/2021,7351.86,"7,347.91","7,363.48","7,324.11",603.83M,0.05%
12/11/2021,7347.91,"7,384.18","7,402.68","7,340.49",730.84M,-0.49%
11/11/2021,7384.18,"7,340.15","7,394.41","7,329.68",672.66M,0.60%
10/11/2021,7340.15,"7,274.04","7,340.15","7,270.11",864.17M,0.91%
09/11/2021,7274.04,"7,300.40","7,314.13","7,268.79",780.38M,-0.36%
08/11/2021,7300.4,"7,303.96","7,316.54","7,293.50",617.44M,-0.05%
05/11/2021,7303.96,"7,279.91","7,331.25","7,270.03",751.64M,0.33%
04/11/2021,7279.91,"7,248.89","7,292.96","7,247.59",983.13M,0.43%
03/11/2021,7248.89,"7,274.81","7,277.64","7,235.32",729.03M,-0.36%
02/11/2021,7274.81,"7,288.62","7,288.62","7,240.02",787.96M,-0.19%
01/11/2021,7288.62,"7,237.57","7,303.39","7,237.57",643.73M,0.71%
29/10/2021,7237.57,"7,249.47","7,249.47","7,192.05",874.75M,-0.16%
28/10/2021,7249.47,"7,253.27","7,257.85","7,219.71",676.36M,-0.05%
27/10/2021,7253.27,"7,277.62","7,280.45","7,247.25",606.50M,-0.33%
26/10/2021,7277.62,"7,222.82","7,281.17","7,222.82",670.41M,0.76%
25/10/2021,7222.82,"7,204.55","7,247.53","7,204.55",590.62M,0.25%
22/10/2021,7204.55,"7,190.30","7,235.19","7,190.30",482.74M,0.20%
21/10/2021,7190.3,"7,223.10","7,227.06","7,181.70",615.50M,-0.45%
20/10/2021,7223.1,"7,217.53","7,229.26","7,199.29",624.84M,0.08%
19/10/2021,7217.53,"7,203.83","7,223.29","7,189.50",677.32M,0.19%
18/10/2021,7203.83,"7,234.03","7,234.03","7,180.20",580.84M,-0.42%
15/10/2021,7234.03,"7,207.71","7,243.85","7,206.26",812.23M,0.37%
14/10/2021,7207.71,"7,141.82","7,216.15","7,141.82",785.96M,0.92%
13/10/2021,7141.82,"7,130.23","7,152.87","7,087.93",1.04B,0.16%
12/10/2021,7130.23,"7,146.85","7,146.85","7,063.43",815.61M,-0.23%
11/10/2021,7146.85,"7,095.55","7,146.85","7,085.85",709.51M,0.72%
08/10/2021,7095.55,"7,078.04","7,109.34","7,070.53",704.10M,0.25%
07/10/2021,7078.04,"6,995.87","7,094.93","6,995.87",709.62M,1.17%
06/10/2021,6995.87,"7,077.10","7,077.10","6,945.50",939.50M,-1.15%
05/10/2021,7077.1,"7,011.01","7,084.52","7,011.01",824.59M,0.94%
04/10/2021,7011.01,"7,027.07","7,072.48","7,002.72",792.85M,-0.23%
01/10/2021,7027.07,"7,086.42","7,086.42","6,989.64",815.42M,-0.84%
30/09/2021,7086.42,"7,108.16","7,159.61","7,072.57",867.45M,-0.31%
29/09/2021,7108.16,"7,028.10","7,117.52","7,026.85",810.52M,1.14%
28/09/2021,7028.1,"7,063.40","7,071.36","7,015.58",818.88M,-0.50%
27/09/2021,7063.4,"7,051.48","7,122.09","7,043.21",900.05M,0.17%
24/09/2021,7051.48,"7,078.35","7,080.23","7,041.34",817.65M,-0.38%
23/09/2021,7078.35,"7,083.37","7,131.43","7,070.68",731.21M,-0.07%
22/09/2021,7083.37,"6,980.98","7,090.48","6,980.98",623.00M,1.47%
21/09/2021,6980.98,"6,903.91","7,004.88","6,903.91",811.46M,1.12%
20/09/2021,6903.91,"6,963.64","6,963.64","6,828.28",905.91M,-0.86%
17/09/2021,6963.64,"7,027.48","7,092.69","6,941.69",1.63B,-0.91%
16/09/2021,7027.48,"7,016.49","7,058.99","7,016.32",667.61M,0.16%
15/09/2021,7016.49,"7,034.06","7,047.27","7,016.49",772.56M,-0.25%
14/09/2021,7034.06,"7,068.43","7,068.45","7,020.10",677.35M,-0.49%
13/09/2021,7068.43,"7,029.20","7,090.81","7,029.20",545.72M,0.56%
10/09/2021,7029.2,"7,024.21","7,055.22","7,014.42",492.66M,0.07%
09/09/2021,7024.21,"7,095.53","7,095.53","6,998.62",695.39M,-1.01%
08/09/2021,7095.53,"7,149.37","7,149.37","7,061.13",567.99M,-0.75%
07/09/2021,7149.37,"7,187.18","7,187.18","7,147.94",466.82M,-0.53%
06/09/2021,7187.18,"7,138.35","7,195.62","7,138.35",300.46M,0.68%
03/09/2021,7138.35,"7,163.90","7,182.23","7,123.87",499.09M,-0.36%
02/09/2021,7163.9,"7,149.84","7,168.78","7,129.71",536.01M,0.20%
01/09/2021,7149.84,"7,119.70","7,187.34","7,119.70",522.90M,0.42%
31/08/2021,7119.7,"7,148.01","7,160.49","7,092.03",1.00B,-0.40%
27/08/2021,7148.01,"7,124.98","7,157.60","7,108.53",425.08M,0.32%
26/08/2021,7124.98,"7,150.12","7,150.12","7,095.43",391.71M,-0.35%
25/08/2021,7150.12,"7,125.78","7,151.75","7,121.29",510.48M,0.34%
24/08/2021,7125.78,"7,109.02","7,129.66","7,076.06",582.75M,0.24%
23/08/2021,7109.02,"7,087.90","7,147.80","7,087.90",493.20M,0.30%
20/08/2021,7087.9,"7,058.86","7,095.61","7,032.45",549.55M,0.41%
19/08/2021,7058.86,"7,169.32","7,169.32","6,993.06",602.76M,-1.54%
18/08/2021,7169.32,"7,181.11","7,198.79","7,143.55",792.00M,-0.16%
17/08/2021,7181.11,"7,153.98","7,188.55","7,118.67",573.60M,0.38%
16/08/2021,7153.98,"7,218.71","7,218.71","7,117.78",522.26M,-0.90%
13/08/2021,7218.71,"7,193.23","7,224.46","7,193.13",501.18M,0.35%
12/08/2021,7193.23,"7,220.14","7,220.70","7,182.92",574.94M,-0.37%
11/08/2021,7220.14,"7,161.04","7,220.14","7,157.74",536.44M,0.83%
10/08/2021,7161.04,"7,132.30","7,166.67","7,115.87",559.14M,0.40%
09/08/2021,7132.3,"7,122.95","7,138.80","7,089.74",525.14M,0.13%
06/08/2021,7122.95,"7,120.43","7,135.39","7,103.71",677.36M,0.04%
05/08/2021,7120.43,"7,123.86","7,130.35","7,099.03",814.80M,-0.05%
04/08/2021,7123.86,"7,105.72","7,142.54","7,105.72",618.71M,0.26%
03/08/2021,7105.72,"7,081.72","7,119.19","7,074.32",613.95M,0.34%
02/08/2021,7081.72,"7,032.30","7,111.66","7,032.30",519.68M,0.70%
30/07/2021,7032.3,"7,078.42","7,078.42","6,996.93",674.95M,-0.65%
29/07/2021,7078.42,"7,016.63","7,093.93","7,008.65",789.49M,0.88%
28/07/2021,7016.63,"6,996.08","7,023.35","6,974.80",595.32M,0.29%
27/07/2021,6996.08,"7,025.43","7,028.37","6,929.64",515.48M,-0.42%
26/07/2021,7025.43,"7,027.58","7,038.65","6,980.67",524.70M,-0.03%
23/07/2021,7027.58,"6,968.30","7,033.27","6,968.30",461.68M,0.85%
22/07/2021,6968.3,"6,998.28","7,018.95","6,956.24",497.51M,-0.43%
21/07/2021,6998.28,"6,881.13","7,007.75","6,881.13",784.90M,1.70%
20/07/2021,6881.13,"6,844.39","6,929.89","6,827.26",941.99M,0.54%
19/07/2021,6844.39,"7,008.09","7,008.09","6,813.03",817.24M,-2.34%
16/07/2021,7008.09,"7,012.02","7,056.73","6,978.06",617.56M,-0.06%
15/07/2021,7012.02,"7,091.19","7,111.77","7,005.02",612.97M,-1.12%
14/07/2021,7091.19,"7,124.72","7,124.72","7,073.59",565.38M,-0.47%
13/07/2021,7124.72,"7,125.42","7,152.44","7,116.26",613.84M,-0.01%
12/07/2021,7125.42,"7,121.88","7,134.87","7,066.20",484.70M,0.05%
09/07/2021,7121.88,"7,030.66","7,121.88","7,030.22",577.54M,1.30%
08/07/2021,7030.66,"7,151.02","7,151.02","6,981.57",741.08M,-1.68%
07/07/2021,7151.02,"7,100.88","7,153.68","7,100.88",573.30M,0.71%
06/07/2021,7100.88,"7,164.91","7,170.60","7,075.73",635.76M,-0.89%
05/07/2021,7164.91,"7,123.27","7,168.03","7,111.51",384.45M,0.58%
02/07/2021,7123.27,"7,125.16","7,162.16","7,110.30",494.81M,-0.03%
01/07/2021,7125.16,"7,037.47","7,134.21","7,037.47",631.27M,1.25%
30/06/2021,7037.47,"7,087.55","7,100.71","7,010.57",659.20M,-0.71%
29/06/2021,7087.55,"7,072.97","7,120.77","7,071.86",516.41M,0.21%
28/06/2021,7072.97,"7,136.07","7,136.22","7,071.95",682.53M,-0.88%
25/06/2021,7136.07,"7,109.97","7,139.08","7,109.79",609.04M,0.37%
24/06/2021,7109.97,"7,074.06","7,119.41","7,070.90",726.33M,0.51%
23/06/2021,7074.06,"7,090.01","7,129.40","7,074.06",567.37M,-0.22%
22/06/2021,7090.01,"7,062.29","7,098.67","7,061.13",522.52M,0.39%
21/06/2021,7062.29,"7,017.47","7,065.05","6,948.63",820.50M,0.64%
18/06/2021,7017.47,"7,153.43","7,154.63","7,008.74",1.56B,-1.90%
17/06/2021,7153.43,"7,184.95","7,184.95","7,132.96",724.68M,-0.44%
16/06/2021,7184.95,"7,172.48","7,217.54","7,169.21",722.08M,0.17%
15/06/2021,7172.48,"7,146.68","7,189.63","7,142.71",778.54M,0.36%
14/06/2021,7146.68,"7,134.06","7,188.26","7,131.79",551.24M,0.18%
11/06/2021,7134.06,"7,088.18","7,140.70","7,088.18",509.04M,0.65%
10/06/2021,7088.18,"7,081.01","7,117.74","7,080.02",574.89M,0.10%
09/06/2021,7081.01,"7,095.09","7,095.72","7,046.02",575.13M,-0.20%
08/06/2021,7095.09,"7,077.22","7,120.73","7,074.94",549.99M,0.25%
07/06/2021,7077.22,"7,069.04","7,098.31","7,042.19",963.10M,0.12%
04/06/2021,7069.04,"7,064.35","7,071.81","7,039.74",425.22M,0.07%
03/06/2021,7064.35,"7,108.00","7,108.04","7,013.85",617.18M,-0.61%
02/06/2021,7108.0,"7,080.46","7,122.54","7,074.06",570.34M,0.39%
01/06/2021,7080.46,"7,022.61","7,118.03","7,022.61",726.70M,0.82%
28/05/2021,7022.61,"7,019.67","7,054.91","7,019.58",786.61M,0.04%
27/05/2021,7019.67,"7,026.93","7,044.01","7,008.53",1.42B,-0.10%
26/05/2021,7026.93,"7,029.79","7,050.88","6,998.19",619.32M,-0.04%
25/05/2021,7029.79,"7,051.59","7,067.60","7,029.79",619.37M,-0.31%
24/05/2021,7051.59,"7,018.05","7,054.63","7,013.51",422.93M,0.48%
21/05/2021,7018.05,"7,019.79","7,028.17","6,973.31",803.61M,-0.02%
20/05/2021,7019.79,"6,950.20","7,019.79","6,926.85",626.00M,1.00%
19/05/2021,6950.2,"7,034.24","7,034.24","6,897.06",729.25M,-1.19%
18/05/2021,7034.24,"7,032.85","7,102.57","7,030.37",736.33M,0.02%
17/05/2021,7032.85,"7,043.61","7,066.76","6,989.11",582.73M,-0.15%
14/05/2021,7043.61,"6,963.33","7,048.67","6,963.33",845.95M,1.15%
13/05/2021,6963.33,"7,004.63","7,004.63","6,823.60",660.81M,-0.59%
12/05/2021,7004.63,"6,947.99","7,028.10","6,945.33",743.55M,0.82%
11/05/2021,6947.99,"7,123.68","7,123.68","6,912.36",931.23M,-2.47%
10/05/2021,7123.68,"7,129.71","7,164.18","7,104.40",742.07M,-0.08%
07/05/2021,7129.71,"7,076.17","7,143.46","7,076.17",624.30M,0.76%
06/05/2021,7076.17,"7,039.30","7,076.17","7,026.75",764.40M,0.52%
05/05/2021,7039.3,"6,923.17","7,047.75","6,923.17",734.98M,1.68%
04/05/2021,6923.17,"6,969.81","7,034.26","6,912.28",911.98M,-0.67%
30/04/2021,6969.81,"6,961.48","7,009.47","6,946.04",831.63M,0.12%
29/04/2021,6961.48,"6,963.67","7,019.76","6,953.87",657.93M,-0.03%
28/04/2021,6963.67,"6,944.97","6,986.70","6,944.06",990.23M,0.27%
27/04/2021,6944.97,"6,963.12","6,975.07","6,929.77",657.41M,-0.26%
26/04/2021,6963.12,"6,938.56","6,971.52","6,913.39",511.63M,0.35%
23/04/2021,6938.56,"6,938.24","6,938.56","6,891.75",535.29M,0.00%
22/04/2021,6938.24,"6,895.29","6,941.11","6,889.32",647.00M,0.62%
21/04/2021,6895.29,"6,859.87","6,914.88","6,859.61",659.74M,0.52%
20/04/2021,6859.87,"7,000.08","7,001.27","6,857.07",825.25M,-2.00%
19/04/2021,7000.08,"7,019.53","7,040.26","6,979.23",529.71M,-0.28%
16/04/2021,7019.53,"6,983.50","7,037.65","6,983.50",742.51M,0.52%
15/04/2021,6983.5,"6,939.58","6,994.90","6,939.26",651.28M,0.63%
14/04/2021,6939.58,"6,890.49","6,942.33","6,880.67",596.77M,0.71%
13/04/2021,6890.49,"6,889.12","6,895.13","6,859.72",572.41M,0.02%
12/04/2021,6889.12,"6,915.75","6,916.08","6,853.75",639.36M,-0.39%
09/04/2021,6915.75,"6,942.22","6,949.56","6,906.37",615.05M,-0.38%
08/04/2021,6942.22,"6,885.32","6,942.22","6,884.79",788.61M,0.83%
07/04/2021,6885.32,"6,823.55","6,898.38","6,823.55",708.27M,0.91%
06/04/2021,6823.55,"6,737.30","6,843.73","6,737.30",773.87M,1.28%
01/04/2021,6737.3,"6,713.63","6,766.52","6,713.63",592.33M,0.35%
31/03/2021,6713.63,"6,772.12","6,775.67","6,713.63",854.82M,-0.86%
30/03/2021,6772.12,"6,736.17","6,792.23","6,729.46",664.39M,0.53%
29/03/2021,6736.17,"6,740.59","6,758.78","6,705.42",624.49M,-0.07%
26/03/2021,6740.59,"6,674.83","6,742.14","6,674.83",742.30M,0.99%
25/03/2021,6674.83,"6,712.89","6,729.92","6,618.61",768.54M,-0.57%
24/03/2021,6712.89,"6,699.19","6,722.61","6,649.37",928.13M,0.20%
23/03/2021,6699.19,"6,726.10","6,726.10","6,664.76",860.30M,-0.40%
22/03/2021,6726.1,"6,708.71","6,732.67","6,650.96",752.39M,0.26%
19/03/2021,6708.71,"6,779.68","6,779.68","6,664.56",1.82B,-1.05%
18/03/2021,6779.68,"6,762.67","6,791.76","6,740.53",825.20M,0.25%
17/03/2021,6762.67,"6,803.61","6,805.73","6,753.82",834.82M,-0.60%
16/03/2021,6803.61,"6,749.70","6,812.78","6,749.64",849.48M,0.80%
15/03/2021,6749.7,"6,761.47","6,804.91","6,723.67",670.77M,-0.17%
12/03/2021,6761.47,"6,736.96","6,766.44","6,709.00",706.13M,0.36%
11/03/2021,6736.96,"6,725.60","6,755.32","6,699.34",714.71M,0.17%
10/03/2021,6725.6,"6,730.34","6,740.77","6,677.02",725.80M,-0.07%
09/03/2021,6730.34,"6,719.13","6,786.80","6,689.90",952.95M,0.17%
08/03/2021,6719.13,"6,630.52","6,726.40","6,612.74",972.76M,1.34%
05/03/2021,6630.52,"6,650.88","6,710.80","6,560.79",1.03B,-0.31%
04/03/2021,6650.88,"6,675.47","6,675.47","6,581.19",938.81M,-0.37%
03/03/2021,6675.47,"6,613.75","6,705.30","6,613.75",937.33M,0.93%
02/03/2021,6613.75,"6,588.53","6,660.82","6,560.91",682.61M,0.38%
01/03/2021,6588.53,"6,483.43","6,612.74","6,483.43",708.30M,1.62%
26/02/2021,6483.43,"6,651.96","6,651.96","6,465.57",1.28B,-2.53%
25/02/2021,6651.96,"6,658.97","6,702.88","6,644.68",852.47M,-0.11%
24/02/2021,6658.97,"6,625.94","6,669.86","6,572.28",1.14B,0.50%
23/02/2021,6625.94,"6,612.24","6,675.42","6,555.88",1.15B,0.21%
22/02/2021,6612.24,"6,624.02","6,624.71","6,545.93",846.35M,-0.18%
19/02/2021,6624.02,"6,617.15","6,646.16","6,600.59",963.92M,0.10%
18/02/2021,6617.15,"6,710.90","6,721.76","6,591.43",846.71M,-1.40%
17/02/2021,6710.9,"6,748.86","6,760.29","6,701.59",755.36M,-0.56%
16/02/2021,6748.86,"6,756.11","6,799.92","6,736.85",817.27M,-0.11%
15/02/2021,6756.11,"6,589.79","6,775.37","6,589.79",817.31M,2.52%
12/02/2021,6589.79,"6,528.72","6,589.79","6,485.13",490.54M,0.94%
11/02/2021,6528.72,"6,524.36","6,554.15","6,514.92",673.19M,0.07%
10/02/2021,6524.36,"6,531.56","6,577.00","6,481.02",782.04M,-0.11%
09/02/2021,6531.56,"6,523.53","6,540.97","6,501.02",544.65M,0.12%
08/02/2021,6523.53,"6,489.33","6,567.70","6,489.33",776.32M,0.53%
05/02/2021,6489.33,"6,503.72","6,518.65","6,457.60",984.40M,-0.22%
04/02/2021,6503.72,"6,507.82","6,553.37","6,478.15",989.92M,-0.06%
03/02/2021,6507.82,"6,516.65","6,573.10","6,489.51",717.52M,-0.14%
02/02/2021,6516.65,"6,466.42","6,523.51","6,466.42",719.05M,0.78%
01/02/2021,6466.42,"6,407.46","6,495.56","6,407.46",746.04M,0.92%
29/01/2021,6407.46,"6,526.15","6,526.15","6,397.24",870.67M,-1.82%
28/01/2021,6526.15,"6,567.37","6,567.37","6,439.55",865.83M,-0.63%
27/01/2021,6567.37,"6,654.01","6,661.31","6,505.84",982.45M,-1.30%
26/01/2021,6654.01,"6,638.85","6,702.35","6,636.34",683.49M,0.23%
25/01/2021,6638.85,"6,695.07","6,714.61","6,610.26",761.26M,-0.84%
22/01/2021,6695.07,"6,715.42","6,715.66","6,651.71",693.96M,-0.30%
21/01/2021,6715.42,"6,740.39","6,776.92","6,715.42",612.55M,-0.37%
20/01/2021,6740.39,"6,712.95","6,751.81","6,697.46",687.50M,0.41%
19/01/2021,6712.95,"6,720.65","6,770.66","6,697.67",618.15M,-0.11%
18/01/2021,6720.65,"6,735.71","6,741.47","6,709.33",359.83M,-0.22%
15/01/2021,6735.71,"6,801.96","6,802.05","6,676.55",740.67M,-0.97%
14/01/2021,6801.96,"6,745.52","6,801.96","6,736.78",674.89M,0.84%
13/01/2021,6745.52,"6,754.11","6,772.57","6,736.01",619.31M,-0.13%
12/01/2021,6754.11,"6,798.48","6,816.65","6,738.21",648.16M,-0.65%
11/01/2021,6798.48,"6,873.26","6,873.26","6,768.72",707.80M,-1.09%
08/01/2021,6873.26,"6,856.96","6,886.34","6,836.08",850.78M,0.24%
07/01/2021,6856.96,"6,841.86","6,903.61","6,795.11",939.65M,0.22%
06/01/2021,6841.86,"6,612.25","6,859.14","6,611.87",1.25B,3.47%
05/01/2021,6612.25,"6,571.88","6,622.77","6,544.25",718.95M,0.61%
04/01/2021,6571.88,"6,460.52","6,662.66","6,460.52",957.24M,1.72%
31/12/2020,6460.52,"6,555.82","6,555.82","6,439.41",316.94M,-1.45%
30/12/2020,6555.82,"6,602.65","6,622.98","6,552.46",425.49M,-0.71%
29/12/2020,6602.65,"6,502.11","6,676.60","6,502.11",823.98M,1.55%
24/12/2020,6502.11,"6,495.75","6,530.28","6,479.59",477.47M,0.10%
23/12/2020,6495.75,"6,453.16","6,497.28","6,431.21",781.64M,0.66%
22/12/2020,6453.16,"6,416.32","6,457.47","6,382.61",613.67M,0.57%
21/12/2020,6416.32,"6,529.18","6,529.18","6,315.34",1.11B,-1.73%
18/12/2020,6529.18,"6,551.06","6,604.54","6,518.25",1.20B,-0.33%
17/12/2020,6551.06,"6,570.91","6,601.63","6,551.06",725.53M,-0.30%
16/12/2020,6570.91,"6,513.32","6,598.42","6,513.32",860.33M,0.88%
15/12/2020,6513.32,"6,531.83","6,558.24","6,484.04",737.40M,-0.28%
14/12/2020,6531.83,"6,546.75","6,583.70","6,524.70",870.27M,-0.23%
11/12/2020,6546.75,"6,599.76","6,607.44","6,520.54",1.07B,-0.80%
10/12/2020,6599.76,"6,564.29","6,640.74","6,561.11",1.11B,0.54%
09/12/2020,6564.29,"6,558.82","6,623.03","6,558.82",769.12M,0.08%
08/12/2020,6558.82,"6,555.39","6,567.59","6,518.37",757.85M,0.05%
07/12/2020,6555.39,"6,550.23","6,601.11","6,519.82",1.05B,0.08%
04/12/2020,6550.23,"6,490.27","6,559.18","6,489.75",1.07B,0.92%
03/12/2020,6490.27,"6,463.39","6,491.49","6,430.27",943.21M,0.42%
02/12/2020,6463.39,"6,384.73","6,468.64","6,367.51",936.84M,1.23%
01/12/2020,6384.73,"6,266.19","6,400.24","6,263.60",839.85M,1.89%
30/11/2020,6266.19,"6,367.58","6,404.02","6,266.19",1.36B,-1.59%
27/11/2020,6367.58,"6,362.93","6,375.91","6,302.22",1.44B,0.07%
26/11/2020,6362.93,"6,391.09","6,412.65","6,349.53",735.75M,-0.44%
25/11/2020,6391.09,"6,432.17","6,468.73","6,375.25",1.13B,-0.64%
24/11/2020,6432.17,"6,333.84","6,432.42","6,333.72",1.30B,1.55%
23/11/2020,6333.84,"6,351.45","6,392.08","6,325.24",943.54M,-0.28%
20/11/2020,6351.45,"6,334.35","6,386.70","6,324.60",821.11M,0.27%
19/11/2020,6334.35,"6,385.24","6,385.24","6,314.26",919.87M,-0.80%
18/11/2020,6385.24,"6,365.33","6,395.91","6,326.74",979.74M,0.31%
17/11/2020,6365.33,"6,421.29","6,424.53","6,308.99",1.23B,-0.87%
16/11/2020,6421.29,"6,316.39","6,463.51","6,316.39",1.29B,1.66%
13/11/2020,6316.39,"6,338.94","6,338.97","6,280.40",960.71M,-0.36%
12/11/2020,6338.94,"6,382.10","6,382.10","6,295.79",1.01B,-0.68%
11/11/2020,6382.1,"6,296.85","6,397.28","6,293.21",1.28B,1.35%
10/11/2020,6296.85,"6,186.29","6,307.00","6,180.47",1.71B,1.79%
09/11/2020,6186.29,"5,910.02","6,258.31","5,910.02",2.07B,4.67%
06/11/2020,5910.02,"5,906.18","5,950.22","5,858.48",848.48M,0.07%
05/11/2020,5906.18,"5,883.26","5,933.05","5,881.87",900.00M,0.39%
04/11/2020,5883.26,"5,786.77","5,885.67","5,711.21",781.52M,1.67%
03/11/2020,5786.77,"5,654.97","5,787.61","5,654.97",803.79M,2.33%
02/11/2020,5654.97,"5,577.27","5,665.30","5,554.73",755.07M,1.39%
30/10/2020,5577.27,"5,581.75","5,593.40","5,534.08",823.61M,-0.08%
29/10/2020,5581.75,"5,582.80","5,616.58","5,534.66",964.96M,-0.02%
28/10/2020,5582.8,"5,728.99","5,728.99","5,525.52",1.11B,-2.55%
27/10/2020,5728.99,"5,792.01","5,806.23","5,728.18",756.73M,-1.09%
26/10/2020,5792.01,"5,860.28","5,868.36","5,782.37",870.05M,-1.16%
23/10/2020,5860.28,"5,785.65","5,885.38","5,781.78",852.80M,1.29%
22/10/2020,5785.65,"5,776.50","5,796.44","5,716.40",664.92M,0.16%
21/10/2020,5776.5,"5,889.22","5,903.38","5,769.62",632.35M,-1.91%
20/10/2020,5889.22,"5,884.65","5,915.47","5,861.81",576.52M,0.08%
19/10/2020,5884.65,"5,919.58","5,959.67","5,871.95",522.72M,-0.59%
16/10/2020,5919.58,"5,832.52","5,933.81","5,832.52",669.81M,1.49%
15/10/2020,5832.52,"5,935.06","5,935.06","5,786.20",665.02M,-1.73%
14/10/2020,5935.06,"5,969.71","6,009.81","5,926.49",612.91M,-0.58%
13/10/2020,5969.71,"6,001.38","6,008.04","5,949.97",786.88M,-0.53%
12/10/2020,6001.38,"6,016.65","6,037.08","5,995.11",600.96M,-0.25%
09/10/2020,6016.65,"5,978.03","6,040.47","5,978.03",676.78M,0.65%
08/10/2020,5978.03,"5,946.25","6,004.15","5,929.41",741.67M,0.53%
07/10/2020,5946.25,"5,949.94","5,977.15","5,929.16",761.63M,-0.06%
06/10/2020,5949.94,"5,942.94","5,971.48","5,903.40",911.38M,0.12%
05/10/2020,5942.94,"5,902.12","5,974.22","5,902.12",637.08M,0.69%
02/10/2020,5902.12,"5,879.45","5,902.12","5,809.61",701.24M,0.39%
01/10/2020,5879.45,"5,866.10","5,925.77","5,849.82",729.25M,0.23%
30/09/2020,5866.1,"5,897.50","5,931.37","5,854.46",831.98M,-0.53%
29/09/2020,5897.5,"5,927.93","5,927.93","5,862.93",677.62M,-0.51%
28/09/2020,5927.93,"5,842.67","5,954.42","5,842.67",915.07M,1.46%
25/09/2020,5842.67,"5,822.78","5,843.72","5,771.49",742.75M,0.34%
24/09/2020,5822.78,"5,899.26","5,899.26","5,805.28",707.13M,-1.30%
23/09/2020,5899.26,"5,829.46","5,974.88","5,829.46",745.61M,1.20%
22/09/2020,5829.46,"5,804.29","5,871.28","5,794.54",793.99M,0.43%
21/09/2020,5804.29,"6,007.05","6,007.05","5,779.24",989.72M,-3.38%
18/09/2020,6007.05,"6,049.92","6,055.24","6,006.28",1.61B,-0.71%
17/09/2020,6049.92,"6,078.48","6,078.48","5,998.69",614.99M,-0.47%
16/09/2020,6078.48,"6,105.54","6,119.24","6,057.63",712.22M,-0.44%
15/09/2020,6105.54,"6,026.25","6,123.69","6,026.17",682.66M,1.32%
14/09/2020,6026.25,"6,032.09","6,080.02","6,011.83",599.03M,-0.10%
11/09/2020,6032.09,"6,003.32","6,057.69","5,992.93",532.21M,0.48%
10/09/2020,6003.32,"6,012.84","6,028.76","5,950.62",602.95M,-0.16%
09/09/2020,6012.84,"5,930.30","6,031.25","5,923.43",670.41M,1.39%
08/09/2020,5930.3,"5,937.40","5,985.26","5,868.87",740.82M,-0.12%
07/09/2020,5937.4,"5,799.08","5,946.93","5,798.47",542.56M,2.39%
04/09/2020,5799.08,"5,850.86","5,904.16","5,778.40",672.21M,-0.88%
03/09/2020,5850.86,"5,940.95","5,996.24","5,838.02",698.95M,-1.52%
02/09/2020,5940.95,"5,862.05","5,974.70","5,862.05",670.60M,1.35%
01/09/2020,5862.05,"5,963.57","5,972.52","5,824.04",1.04B,-1.70%
28/08/2020,5963.57,"5,999.99","6,033.04","5,962.46",917.31M,-0.61%
27/08/2020,5999.99,"6,045.60","6,062.52","5,999.99",496.43M,-0.75%
26/08/2020,6045.6,"6,037.01","6,050.81","5,992.22",405.66M,0.14%
25/08/2020,6037.01,"6,104.73","6,173.48","6,032.10",538.99M,-1.11%
24/08/2020,6104.73,"6,001.89","6,119.80","6,001.89",452.72M,1.71%
21/08/2020,6001.89,"6,013.34","6,036.51","5,948.80",545.21M,-0.19%
20/08/2020,6013.34,"6,111.98","6,111.98","6,009.61",505.17M,-1.61%
19/08/2020,6111.98,"6,076.62","6,114.83","6,045.00",425.04M,0.58%
18/08/2020,6076.62,"6,127.44","6,162.66","6,062.58",502.24M,-0.83%
17/08/2020,6127.44,"6,090.04","6,140.19","6,061.46",499.81M,0.61%
14/08/2020,6090.04,"6,185.62","6,185.62","6,036.13",513.44M,-1.55%
13/08/2020,6185.62,"6,280.12","6,280.12","6,185.62",515.77M,-1.50%
12/08/2020,6280.12,"6,154.34","6,297.20","6,151.64",680.85M,2.04%
11/08/2020,6154.34,"6,050.59","6,206.00","6,050.59",758.79M,1.71%
10/08/2020,6050.59,"6,032.18","6,099.48","6,028.49",558.06M,0.31%
07/08/2020,6032.18,"6,026.94","6,046.02","5,996.73",540.97M,0.09%
06/08/2020,6026.94,"6,104.72","6,104.72","5,980.44",629.09M,-1.27%
05/08/2020,6104.72,"6,036.00","6,111.50","6,036.00",715.56M,1.14%
04/08/2020,6036.0,"6,032.85","6,056.47","5,986.77",766.67M,0.05%
03/08/2020,6032.85,"5,897.76","6,038.76","5,857.06",948.54M,2.29%
31/07/2020,5897.76,"5,989.99","6,046.33","5,897.76",1.01B,-1.54%
30/07/2020,5989.99,"6,131.46","6,145.83","5,924.70",1.23B,-2.31%
29/07/2020,6131.46,"6,129.26","6,155.06","6,116.72",718.09M,0.04%
28/07/2020,6129.26,"6,104.88","6,149.86","6,083.65",612.57M,0.40%
27/07/2020,6104.88,"6,123.82","6,127.62","6,086.64",704.38M,-0.31%
24/07/2020,6123.82,"6,211.44","6,211.44","6,099.06",679.82M,-1.41%
23/07/2020,6211.44,"6,207.10","6,273.63","6,202.90",605.74M,0.07%
22/07/2020,6207.1,"6,269.73","6,270.96","6,197.45",745.24M,-1.00%
21/07/2020,6269.73,"6,261.52","6,315.68","6,253.90",753.53M,0.13%
20/07/2020,6261.52,"6,290.30","6,297.64","6,222.15",494.26M,-0.46%
17/07/2020,6290.3,"6,250.69","6,293.68","6,230.01",687.10M,0.63%
16/07/2020,6250.69,"6,292.65","6,296.78","6,227.33",521.66M,-0.67%
15/07/2020,6292.65,"6,179.75","6,323.55","6,179.75",747.30M,1.83%
14/07/2020,6179.75,"6,176.19","6,179.75","6,093.23",717.55M,0.06%
13/07/2020,6176.19,"6,095.41","6,187.33","6,095.41",603.07M,1.33%
10/07/2020,6095.41,"6,049.62","6,108.20","6,003.19",684.87M,0.76%
09/07/2020,6049.62,"6,156.16","6,176.84","6,040.26",670.97M,-1.73%
08/07/2020,6156.16,"6,189.90","6,208.43","6,144.52",625.80M,-0.55%
07/07/2020,6189.9,"6,285.94","6,285.94","6,179.97",600.36M,-1.53%
06/07/2020,6285.94,"6,157.30","6,304.19","6,157.30",696.67M,2.09%
03/07/2020,6157.3,"6,240.36","6,262.71","6,137.09",504.57M,-1.33%
02/07/2020,6240.36,"6,157.96","6,258.60","6,157.96",806.19M,1.34%
01/07/2020,6157.96,"6,169.74","6,201.95","6,084.48",724.50M,-0.19%
30/06/2020,6169.74,"6,225.77","6,237.51","6,146.98",827.28M,-0.90%
29/06/2020,6225.77,"6,159.30","6,251.96","6,122.95",720.43M,1.08%
26/06/2020,6159.3,"6,147.14","6,262.13","6,147.14",698.91M,0.20%
25/06/2020,6147.14,"6,123.69","6,162.44","6,029.25",770.24M,0.38%
24/06/2020,6123.69,"6,320.12","6,320.12","6,123.69",768.66M,-3.11%
23/06/2020,6320.12,"6,244.62","6,342.19","6,244.62",685.33M,1.21%
22/06/2020,6244.62,"6,292.60","6,309.04","6,225.53",793.21M,-0.76%
19/06/2020,6292.6,"6,224.07","6,319.81","6,224.07",1.68B,1.10%
18/06/2020,6224.07,"6,253.25","6,284.96","6,184.88",782.89M,-0.47%
17/06/2020,6253.25,"6,242.79","6,309.74","6,233.24",863.31M,0.17%
16/06/2020,6242.79,"6,064.70","6,299.02","6,064.70",1.03B,2.94%
15/06/2020,6064.7,"6,105.18","6,105.18","5,952.44",835.34M,-0.66%
12/06/2020,6105.18,"6,076.70","6,184.29","5,993.20",1.06B,0.47%
11/06/2020,6076.7,"6,329.13","6,329.13","6,076.70",1.12B,-3.99%
10/06/2020,6329.13,"6,335.72","6,387.35","6,293.83",1.12B,-0.10%
09/06/2020,6335.72,"6,472.59","6,475.01","6,325.07",1.29B,-2.11%
08/06/2020,6472.59,"6,484.30","6,511.84","6,423.06",1.30B,-0.18%
05/06/2020,6484.3,"6,341.44","6,489.99","6,341.44",1.40B,2.25%
04/06/2020,6341.44,"6,382.41","6,402.57","6,314.59",1.04B,-0.64%
03/06/2020,6382.41,"6,220.14","6,394.70","6,220.14",1.23B,2.61%
02/06/2020,6220.14,"6,166.42","6,238.25","6,165.05",1.19B,0.87%
01/06/2020,6166.42,"6,076.60","6,179.34","6,076.60",739.93M,1.48%
29/05/2020,6076.6,"6,218.79","6,218.79","6,060.16",2.25B,-2.29%
28/05/2020,6218.79,"6,144.25","6,234.04","6,144.25",1.21B,1.21%
27/05/2020,6144.25,"6,067.76","6,167.96","6,067.76",1.54B,1.26%
26/05/2020,6067.76,"5,993.28","6,130.12","5,993.28",1.25B,1.24%
22/05/2020,5993.28,"6,015.25","6,015.25","5,888.58",985.50M,-0.37%
21/05/2020,6015.25,"6,067.16","6,093.74","6,004.10",1.01B,-0.86%
20/05/2020,6067.16,"6,002.23","6,074.46","5,961.56",925.38M,1.08%
19/05/2020,6002.23,"6,048.59","6,111.96","5,965.10",1.00B,-0.77%
18/05/2020,6048.59,"5,799.77","6,058.17","5,799.61",930.32M,4.29%
15/05/2020,5799.77,"5,741.54","5,837.88","5,741.54",927.43M,1.01%
14/05/2020,5741.54,"5,904.05","5,904.05","5,661.14",1.15B,-2.75%
13/05/2020,5904.05,"5,994.77","5,994.77","5,893.35",1.06B,-1.51%
12/05/2020,5994.77,"5,939.73","6,012.98","5,911.37",939.77M,0.93%
11/05/2020,5939.73,"5,935.98","5,999.13","5,898.32",1.04B,0.06%
07/05/2020,5935.98,"5,853.76","5,941.86","5,853.60",965.87M,1.40%
06/05/2020,5853.76,"5,849.42","5,897.44","5,839.57",973.10M,0.07%
05/05/2020,5849.42,"5,753.78","5,869.45","5,753.78",968.60M,1.66%
04/05/2020,5753.78,"5,763.06","5,792.85","5,702.03",1.04B,-0.16%
01/05/2020,5763.06,"5,901.21","5,901.21","5,746.06",781.33M,-2.34%
30/04/2020,5901.21,"6,115.25","6,151.58","5,897.91",1.93B,-3.50%
29/04/2020,6115.25,"5,958.50","6,129.60","5,950.83",1.29B,2.63%
28/04/2020,5958.5,"5,846.79","5,977.76","5,835.92",1.20B,1.91%
27/04/2020,5846.79,"5,752.23","5,855.61","5,752.23",792.25M,1.64%
24/04/2020,5752.23,"5,826.61","5,827.24","5,728.80",807.87M,-1.28%
23/04/2020,5826.61,"5,770.63","5,843.61","5,735.93",882.12M,0.97%
22/04/2020,5770.63,"5,641.03","5,777.06","5,641.03",867.00M,2.30%
21/04/2020,5641.03,"5,812.83","5,812.83","5,641.03",888.66M,-2.96%
20/04/2020,5812.83,"5,786.96","5,823.93","5,707.73",822.61M,0.45%
17/04/2020,5786.96,"5,628.43","5,839.33","5,628.43",1.20B,2.82%
16/04/2020,5628.43,"5,597.65","5,657.63","5,577.78",1.07B,0.55%
15/04/2020,5597.65,"5,791.31","5,791.71","5,576.35",1.38B,-3.34%
14/04/2020,5791.31,"5,842.66","5,894.71","5,778.98",1.06B,-0.88%
09/04/2020,5842.66,"5,677.73","5,842.66","5,677.68",1.28B,2.90%
08/04/2020,5677.73,"5,704.45","5,704.45","5,589.73",1.10B,-0.47%
07/04/2020,5704.45,"5,582.39","5,780.21","5,582.39",1.56B,2.19%
06/04/2020,5582.39,"5,415.50","5,590.58","5,415.50",1.21B,3.08%
03/04/2020,5415.5,"5,480.22","5,486.29","5,396.66",1.18B,-1.18%
02/04/2020,5480.22,"5,454.57","5,552.36","5,395.07",1.55B,0.47%
01/04/2020,5454.57,"5,671.96","5,671.96","5,414.72",1.67B,-3.83%
31/03/2020,5671.96,"5,563.74","5,702.66","5,545.85",1.60B,1.95%
30/03/2020,5563.74,"5,510.33","5,567.20","5,351.84",1.13B,0.97%
27/03/2020,5510.33,"5,815.73","5,815.73","5,407.06",1.46B,-5.25%
26/03/2020,5815.73,"5,688.20","5,815.73","5,503.35",1.54B,2.24%
25/03/2020,5688.2,"5,446.01","5,741.42","5,400.47",1.86B,4.45%
24/03/2020,5446.01,"4,993.89","5,446.01","4,993.89",1.58B,9.05%
23/03/2020,4993.89,"5,190.78","5,194.83","4,922.76",1.63B,-3.79%
20/03/2020,5190.78,"5,151.61","5,419.30","5,151.61",2.59B,0.76%
19/03/2020,5151.61,"5,080.58","5,181.04","4,942.37",1.96B,1.40%
18/03/2020,5080.58,"5,294.90","5,294.90","5,006.20",1.84B,-4.05%
17/03/2020,5294.9,"5,151.08","5,308.95","4,978.84",1.94B,2.79%
16/03/2020,5151.08,"5,366.11","5,366.11","4,898.79",2.11B,-4.01%
13/03/2020,5366.11,"5,237.48","5,696.48","5,237.48",1.94B,2.46%
12/03/2020,5237.48,"5,876.52","5,876.52","5,237.48",2.21B,-10.87%
11/03/2020,5876.52,"5,960.23","6,088.50","5,860.75",1.51B,-1.40%
10/03/2020,5960.23,"5,965.77","6,231.06","5,927.85",1.73B,-0.09%
09/03/2020,5965.77,"6,462.55","6,462.55","5,891.56",2.10B,-7.69%
06/03/2020,6462.55,"6,705.43","6,705.43","6,431.44",1.38B,-3.62%
05/03/2020,6705.43,"6,815.59","6,834.12","6,662.61",1.15B,-1.62%
04/03/2020,6815.59,"6,718.20","6,856.27","6,700.23",1.12B,1.45%
03/03/2020,6718.2,"6,654.89","6,846.28","6,654.89",1.28B,0.95%
02/03/2020,6654.89,"6,580.61","6,775.18","6,496.01",1.76B,1.13%
28/02/2020,6580.61,"6,796.40","6,796.40","6,460.08",1.98B,-3.18%
27/02/2020,6796.4,"7,042.47","7,042.47","6,729.99",1.22B,-3.49%
26/02/2020,7042.47,"7,017.88","7,044.66","6,871.85",982.16M,0.35%
25/02/2020,7017.88,"7,156.83","7,198.23","7,004.94",976.46M,-1.94%
24/02/2020,7156.83,"7,403.92","7,403.92","7,114.45",1.08B,-3.34%
21/02/2020,7403.92,"7,436.64","7,436.70","7,370.63",872.32M,-0.44%
20/02/2020,7436.64,"7,457.02","7,480.49","7,436.64",779.37M,-0.27%
19/02/2020,7457.02,"7,382.01","7,462.01","7,382.01",602.97M,1.02%
18/02/2020,7382.01,"7,433.25","7,433.25","7,353.41",786.11M,-0.69%
17/02/2020,7433.25,"7,409.13","7,449.95","7,409.13",394.57M,0.33%
14/02/2020,7409.13,"7,452.03","7,472.85","7,403.69",629.85M,-0.58%
13/02/2020,7452.03,"7,534.37","7,534.37","7,406.94",820.27M,-1.09%
12/02/2020,7534.37,"7,499.44","7,547.65","7,499.01",573.04M,0.47%
11/02/2020,7499.44,"7,446.88","7,529.54","7,446.88",697.68M,0.71%
10/02/2020,7446.88,"7,466.70","7,466.70","7,427.85",597.28M,-0.27%
07/02/2020,7466.7,"7,504.79","7,506.26","7,441.14",705.97M,-0.51%
06/02/2020,7504.79,"7,482.48","7,533.57","7,482.48",673.95M,0.30%
05/02/2020,7482.48,"7,439.82","7,512.41","7,408.45",818.91M,0.57%
04/02/2020,7439.82,"7,326.31","7,442.08","7,326.31",696.70M,1.55%
03/02/2020,7326.31,"7,286.01","7,359.98","7,285.16",645.84M,0.55%
31/01/2020,7286.01,"7,381.96","7,398.34","7,275.03",714.04M,-1.30%
30/01/2020,7381.96,"7,483.57","7,483.57","7,357.62",684.60M,-1.36%
29/01/2020,7483.57,"7,480.69","7,514.73","7,462.21",524.38M,0.04%
28/01/2020,7480.69,"7,412.05","7,491.44","7,410.37",530.18M,0.93%
27/01/2020,7412.05,"7,585.98","7,585.98","7,392.83",679.45M,-2.29%
24/01/2020,7585.98,"7,507.67","7,642.21","7,507.59",605.76M,1.04%
23/01/2020,7507.67,"7,571.92","7,572.13","7,503.17",668.61M,-0.85%
22/01/2020,7571.92,"7,610.70","7,637.35","7,563.52",604.63M,-0.51%
21/01/2020,7610.7,"7,651.44","7,651.44","7,550.47",656.51M,-0.53%
20/01/2020,7651.44,"7,674.56","7,682.77","7,639.62",358.97M,-0.30%
17/01/2020,7674.56,"7,609.81","7,689.67","7,609.81",631.97M,0.85%
16/01/2020,7609.81,"7,642.80","7,653.58","7,595.31",573.56M,-0.43%
15/01/2020,7642.8,"7,622.35","7,642.80","7,609.44",730.57M,0.27%
14/01/2020,7622.35,"7,617.60","7,650.69","7,588.81",697.64M,0.06%
13/01/2020,7617.6,"7,587.85","7,635.77","7,582.51",657.73M,0.39%
10/01/2020,7587.85,"7,598.12","7,631.96","7,585.07",651.31M,-0.14%
09/01/2020,7598.12,"7,574.93","7,627.76","7,574.93",652.92M,0.31%
08/01/2020,7574.93,"7,573.85","7,579.48","7,524.96",606.22M,0.01%
07/01/2020,7573.85,"7,575.34","7,604.59","7,562.14",511.56M,-0.02%
06/01/2020,7575.34,"7,622.40","7,622.40","7,528.08",516.78M,-0.62%
03/01/2020,7622.4,"7,604.30","7,626.41","7,551.00",449.69M,0.24%
02/01/2020,7604.3,"7,542.44","7,624.78","7,542.44",482.21M,0.82%
31/12/2019,7542.44,"7,587.05","7,587.41","7,532.38",212.14M,-0.59%
30/12/2019,7587.05,"7,644.90","7,644.90","7,587.05",304.24M,-0.76%
27/12/2019,7644.9,"7,632.24","7,665.40","7,622.46",311.11M,0.17%
24/12/2019,7632.24,"7,623.59","7,636.16","7,608.22",185.67M,0.11%
23/12/2019,7623.59,"7,582.48","7,628.20","7,559.63",539.14M,0.54%
20/12/2019,7582.48,"7,573.82","7,599.52","7,564.59",1.16B,0.11%
19/12/2019,7573.82,"7,540.75","7,575.90","7,526.10",661.08M,0.44%
18/12/2019,7540.75,"7,525.28","7,557.05","7,515.17",679.28M,0.21%
17/12/2019,7525.28,"7,519.05","7,537.66","7,497.15",1.10B,0.08%
16/12/2019,7519.05,"7,353.44","7,552.65","7,353.18",1.05B,2.25%
13/12/2019,7353.44,"7,273.47","7,429.04","7,223.42",1.91B,1.10%
12/12/2019,7273.47,"7,216.25","7,307.36","7,216.08",727.08M,0.79%
11/12/2019,7216.25,"7,213.76","7,250.67","7,195.49",820.83M,0.03%
10/12/2019,7213.76,"7,233.90","7,234.40","7,137.84",703.52M,-0.28%
09/12/2019,7233.9,"7,239.66","7,255.73","7,217.80",619.39M,-0.08%
06/12/2019,7239.66,"7,137.85","7,241.50","7,137.85",516.37M,1.43%
05/12/2019,7137.85,"7,188.50","7,194.78","7,131.16",650.61M,-0.70%
04/12/2019,7188.5,"7,158.76","7,190.04","7,139.91",688.01M,0.42%
03/12/2019,7158.76,"7,285.94","7,285.94","7,134.93",822.94M,-1.75%
02/12/2019,7285.94,"7,346.53","7,400.27","7,277.02",924.43M,-0.82%
29/11/2019,7346.53,"7,416.43","7,421.40","7,346.53",627.33M,-0.94%
28/11/2019,7416.43,"7,429.78","7,429.78","7,385.32",605.36M,-0.18%
27/11/2019,7429.78,"7,403.14","7,446.00","7,400.38",625.05M,0.36%
26/11/2019,7403.14,"7,396.29","7,421.30","7,384.96",1.05B,0.09%
25/11/2019,7396.29,"7,326.81","7,401.78","7,326.81",570.98M,0.95%
22/11/2019,7326.81,"7,238.55","7,343.26","7,238.47",611.24M,1.22%
21/11/2019,7238.55,"7,262.49","7,262.49","7,197.33",608.18M,-0.33%
20/11/2019,7262.49,"7,323.80","7,323.80","7,219.11",814.23M,-0.84%
19/11/2019,7323.8,"7,307.70","7,404.47","7,307.70",605.67M,0.22%
18/11/2019,7307.7,"7,302.94","7,335.36","7,293.40",764.23M,0.07%
15/11/2019,7302.94,"7,292.76","7,335.55","7,243.15",770.47M,0.14%
14/11/2019,7292.76,"7,351.21","7,351.28","7,292.76",675.22M,-0.80%
13/11/2019,7351.21,"7,365.44","7,365.44","7,301.71",694.52M,-0.19%
12/11/2019,7365.44,"7,328.54","7,390.00","7,328.18",738.72M,0.50%
11/11/2019,7328.54,"7,359.38","7,359.38","7,258.46",821.77M,-0.42%
08/11/2019,7359.38,"7,406.41","7,406.83","7,349.12",535.07M,-0.63%
07/11/2019,7406.41,"7,396.65","7,431.94","7,396.00",668.25M,0.13%
06/11/2019,7396.65,"7,388.08","7,398.78","7,363.55",601.83M,0.12%
05/11/2019,7388.08,"7,369.69","7,402.79","7,369.61",673.19M,0.25%
04/11/2019,7369.69,"7,302.42","7,392.73","7,302.42",582.16M,0.92%
01/11/2019,7302.42,"7,248.38","7,307.18","7,248.38",582.08M,0.75%
31/10/2019,7248.38,"7,330.78","7,335.16","7,245.23",847.65M,-1.12%
30/10/2019,7330.78,"7,306.26","7,334.04","7,278.18",672.19M,0.34%
29/10/2019,7306.26,"7,331.28","7,335.73","7,264.74",710.02M,-0.34%
28/10/2019,7331.28,"7,324.47","7,346.92","7,291.59",676.04M,0.09%
25/10/2019,7324.47,"7,328.25","7,331.17","7,279.78",580.30M,-0.05%
24/10/2019,7328.25,"7,260.74","7,338.87","7,255.46",733.23M,0.93%
23/10/2019,7260.74,"7,212.49","7,265.86","7,194.13",764.42M,0.67%
22/10/2019,7212.49,"7,163.64","7,230.17","7,146.69",800.69M,0.68%
21/10/2019,7163.64,"7,150.57","7,197.53","7,139.38",853.63M,0.18%
18/10/2019,7150.57,"7,182.32","7,197.14","7,146.11",869.34M,-0.44%
17/10/2019,7182.32,"7,167.95","7,237.78","7,162.04",1.13B,0.20%
16/10/2019,7167.95,"7,211.64","7,217.63","7,149.84",1.00B,-0.61%
15/10/2019,7211.64,"7,213.45","7,242.37","7,176.67",1.12B,-0.03%
14/10/2019,7213.45,"7,247.08","7,251.80","7,194.21",780.57M,-0.46%
11/10/2019,7247.08,"7,186.36","7,250.09","7,144.66",1.51B,0.84%
10/10/2019,7186.36,"7,166.50","7,212.90","7,130.52",700.02M,0.28%
09/10/2019,7166.5,"7,143.15","7,196.41","7,139.90",582.02M,0.33%
08/10/2019,7143.15,"7,197.88","7,223.86","7,143.15",691.68M,-0.76%
07/10/2019,7197.88,"7,155.38","7,206.89","7,132.98",551.39M,0.59%
04/10/2019,7155.38,"7,077.64","7,157.75","7,077.40",588.78M,1.10%
03/10/2019,7077.64,"7,122.54","7,129.02","7,004.43",635.55M,-0.63%
02/10/2019,7122.54,"7,360.32","7,360.32","7,119.72",747.80M,-3.23%
01/10/2019,7360.32,"7,408.21","7,433.24","7,352.83",734.56M,-0.65%
30/09/2019,7408.21,"7,426.21","7,439.62","7,402.20",655.55M,-0.24%
27/09/2019,7426.21,"7,351.08","7,440.77","7,351.00",583.85M,1.02%
26/09/2019,7351.08,"7,289.99","7,387.09","7,277.15",704.71M,0.84%
25/09/2019,7289.99,"7,291.43","7,292.00","7,212.96",704.55M,-0.02%
24/09/2019,7291.43,"7,326.08","7,348.97","7,281.91",588.77M,-0.47%
23/09/2019,7326.08,"7,344.92","7,362.30","7,284.75",489.65M,-0.26%
20/09/2019,7344.92,"7,356.42","7,376.31","7,322.01",1.66B,-0.16%
19/09/2019,7356.42,"7,314.05","7,373.08","7,290.69",632.74M,0.58%
18/09/2019,7314.05,"7,320.40","7,350.52","7,300.37",642.71M,-0.09%
17/09/2019,7320.4,"7,321.41","7,350.24","7,292.23",698.42M,-0.01%
16/09/2019,7321.41,"7,367.46","7,378.32","7,321.41",908.26M,-0.63%
13/09/2019,7367.46,"7,344.67","7,380.29","7,318.23",1.00B,0.31%
12/09/2019,7344.67,"7,338.03","7,369.34","7,303.17",725.26M,0.09%
11/09/2019,7338.03,"7,267.95","7,346.71","7,267.95",829.12M,0.96%
10/09/2019,7267.95,"7,235.81","7,270.50","7,199.40",1.03B,0.44%
09/09/2019,7235.81,"7,282.34","7,325.21","7,205.98",794.83M,-0.64%
06/09/2019,7282.34,"7,271.17","7,284.11","7,244.13",692.28M,0.15%
05/09/2019,7271.17,"7,311.26","7,330.71","7,250.63",711.30M,-0.55%
04/09/2019,7311.26,"7,268.19","7,334.55","7,268.19",677.43M,0.59%
03/09/2019,7268.19,"7,281.94","7,301.47","7,239.10",626.09M,-0.19%
02/09/2019,7281.94,"7,207.18","7,315.26","7,206.90",497.75M,1.04%
30/08/2019,7207.18,"7,184.32","7,240.37","7,179.70",727.84M,0.32%
29/08/2019,7184.32,"7,114.71","7,199.20","7,103.12",635.67M,0.98%
28/08/2019,7114.71,"7,089.58","7,131.21","7,050.00",675.63M,0.35%
27/08/2019,7089.58,"7,094.98","7,110.76","7,044.73",851.39M,-0.08%
23/08/2019,7094.98,"7,128.18","7,188.59","7,094.98",643.00M,-0.47%
22/08/2019,7128.18,"7,203.97","7,203.97","7,103.67",653.34M,-1.05%
21/08/2019,7203.97,"7,125.00","7,215.53","7,122.12",604.70M,1.11%
20/08/2019,7125.0,"7,189.65","7,231.65","7,121.24",766.07M,-0.90%
19/08/2019,7189.65,"7,117.15","7,214.23","7,117.15",612.86M,1.02%
16/08/2019,7117.15,"7,067.01","7,125.90","7,067.01",651.94M,0.71%
15/08/2019,7067.01,"7,147.88","7,148.75","7,020.22",806.74M,-1.13%
14/08/2019,7147.88,"7,250.90","7,268.73","7,112.05",811.52M,-1.42%
13/08/2019,7250.9,"7,226.72","7,281.14","7,166.86",698.40M,0.33%
12/08/2019,7226.72,"7,253.85","7,305.56","7,207.46",585.46M,-0.37%
09/08/2019,7253.85,"7,285.90","7,297.28","7,237.13",819.38M,-0.44%
08/08/2019,7285.9,"7,198.70","7,285.90","7,191.25",748.51M,1.21%
07/08/2019,7198.7,"7,171.69","7,237.88","7,153.89",758.26M,0.38%
06/08/2019,7171.69,"7,223.85","7,241.57","7,166.98",816.23M,-0.72%
05/08/2019,7223.85,"7,407.06","7,407.06","7,200.54",1.28B,-2.47%
02/08/2019,7407.06,"7,584.87","7,585.24","7,397.91",1.06B,-2.34%
01/08/2019,7584.87,"7,586.78","7,609.98","7,535.90",843.10M,-0.03%
31/07/2019,7586.78,"7,646.77","7,648.20","7,576.12",1.13B,-0.78%
30/07/2019,7646.77,"7,686.61","7,727.49","7,643.65",847.75M,-0.52%
29/07/2019,7686.61,"7,549.06","7,711.34","7,548.86",782.74M,1.82%
26/07/2019,7549.06,"7,489.05","7,553.55","7,486.74",799.73M,0.80%
25/07/2019,7489.05,"7,501.46","7,542.64","7,462.73",651.31M,-0.17%
24/07/2019,7501.46,"7,556.86","7,558.01","7,479.07",657.12M,-0.73%
23/07/2019,7556.86,"7,514.93","7,598.60","7,514.93",654.56M,0.56%
22/07/2019,7514.93,"7,508.70","7,549.71","7,491.79",528.99M,0.08%
19/07/2019,7508.7,"7,493.09","7,546.65","7,475.49",593.42M,0.21%
18/07/2019,7493.09,"7,535.46","7,535.46","7,482.60",519.63M,-0.56%
17/07/2019,7535.46,"7,577.20","7,577.20","7,519.22",594.49M,-0.55%
16/07/2019,7577.2,"7,531.72","7,590.07","7,524.52",625.96M,0.60%
15/07/2019,7531.72,"7,505.97","7,548.33","7,487.44",497.44M,0.34%
12/07/2019,7505.97,"7,509.82","7,537.10","7,493.80",516.64M,-0.05%
11/07/2019,7509.82,"7,530.69","7,558.34","7,501.66",611.47M,-0.28%
10/07/2019,7530.69,"7,536.47","7,559.12","7,515.61",559.06M,-0.08%
09/07/2019,7536.47,"7,549.27","7,553.30","7,517.94",559.72M,-0.17%
08/07/2019,7549.27,"7,553.14","7,571.34","7,538.67",554.95M,-0.05%
05/07/2019,7553.14,"7,603.58","7,603.61","7,541.86",537.93M,-0.66%
04/07/2019,7603.58,"7,609.32","7,622.58","7,601.33",502.80M,-0.08%
03/07/2019,7609.32,"7,559.19","7,621.02","7,558.47",703.62M,0.66%
02/07/2019,7559.19,"7,497.50","7,565.27","7,497.50",573.57M,0.82%
01/07/2019,7497.5,"7,425.63","7,530.24","7,425.63",654.27M,0.97%
28/06/2019,7425.63,"7,402.33","7,436.18","7,398.92",730.44M,0.31%
27/06/2019,7402.33,"7,416.39","7,439.43","7,375.51",665.86M,-0.19%
26/06/2019,7416.39,"7,422.43","7,435.90","7,405.54",673.95M,-0.08%
25/06/2019,7422.43,"7,416.69","7,429.72","7,373.22",626.13M,0.08%
24/06/2019,7416.69,"7,407.50","7,435.54","7,399.56",646.88M,0.12%
21/06/2019,7407.5,"7,424.44","7,456.79","7,382.94",1.49B,-0.23%
20/06/2019,7424.44,"7,403.54","7,460.83","7,403.54",698.66M,0.28%
19/06/2019,7403.54,"7,443.04","7,454.93","7,399.17",774.63M,-0.53%
18/06/2019,7443.04,"7,357.31","7,469.19","7,345.55",823.67M,1.17%
17/06/2019,7357.31,"7,345.78","7,370.70","7,324.54",548.16M,0.16%
14/06/2019,7345.78,"7,368.57","7,368.80","7,316.44",629.60M,-0.31%
13/06/2019,7368.57,"7,367.62","7,398.61","7,350.98",627.57M,0.01%
12/06/2019,7367.62,"7,398.45","7,398.45","7,329.26",824.87M,-0.42%
11/06/2019,7398.45,"7,375.54","7,420.73","7,375.54",690.48M,0.31%
10/06/2019,7375.54,"7,331.94","7,380.14","7,331.94",460.89M,0.59%
07/06/2019,7331.94,"7,259.85","7,347.41","7,258.16",610.88M,0.99%
06/06/2019,7259.85,"7,220.22","7,275.66","7,218.67",640.48M,0.55%
05/06/2019,7220.22,"7,216.74","7,259.24","7,201.36",768.03M,0.08%
04/06/2019,7214.29,"7,184.80","7,223.96","7,138.14",855.20M,0.41%
03/06/2019,7184.8,"7,161.71","7,186.71","7,079.71",733.57M,0.32%
31/05/2019,7161.71,"7,218.16","7,218.16","7,130.85",870.74M,-0.78%
30/05/2019,7218.16,"7,185.30","7,236.68","7,180.57",658.19M,0.46%
29/05/2019,7185.3,"7,268.95","7,268.95","7,151.37",673.07M,-1.15%
28/05/2019,7268.95,"7,277.73","7,314.85","7,262.80",1.19B,-0.12%
24/05/2019,7277.73,"7,231.04","7,303.04","7,231.01",653.15M,0.65%
23/05/2019,7231.04,"7,334.19","7,334.19","7,211.33",819.67M,-1.41%
22/05/2019,7334.19,"7,328.92","7,373.27","7,313.55",825.72M,0.07%
21/05/2019,7328.92,"7,310.88","7,370.02","7,310.88",772.49M,0.25%
20/05/2019,7310.88,"7,348.62","7,360.34","7,268.63",755.12M,-0.51%
17/05/2019,7348.62,"7,353.51","7,354.22","7,307.33",763.92M,-0.07%
16/05/2019,7353.51,"7,296.95","7,353.51","7,265.77",676.25M,0.78%
15/05/2019,7296.95,"7,241.60","7,303.73","7,223.08",834.95M,0.76%
14/05/2019,7241.6,"7,163.68","7,241.60","7,163.68",743.86M,1.09%
13/05/2019,7163.68,"7,203.29","7,217.12","7,150.89",797.46M,-0.55%
10/05/2019,7203.29,"7,207.41","7,268.17","7,189.88",637.29M,-0.06%
09/05/2019,7207.41,"7,271.00","7,271.00","7,192.18",880.88M,-0.87%
08/05/2019,7271.0,"7,260.47","7,278.26","7,222.88",834.24M,0.15%
07/05/2019,7260.47,"7,380.64","7,380.64","7,251.03",907.82M,-1.63%
03/05/2019,7380.64,"7,351.31","7,418.17","7,350.01",476.58M,0.40%
02/05/2019,7351.31,"7,385.26","7,393.94","7,339.45",637.48M,-0.46%
01/05/2019,7385.26,"7,418.22","7,446.46","7,379.65",347.13M,-0.44%
30/04/2019,7418.22,"7,440.66","7,451.32","7,394.07",774.32M,-0.30%
29/04/2019,7440.66,"7,428.19","7,456.49","7,406.53",506.41M,0.17%
26/04/2019,7428.19,"7,434.13","7,442.21","7,398.57",865.75M,-0.08%
25/04/2019,7434.13,"7,471.75","7,473.32","7,405.99",695.23M,-0.50%
24/04/2019,7471.75,"7,523.07","7,523.79","7,456.74",703.75M,-0.68%
23/04/2019,7523.07,"7,459.88","7,528.93","7,459.88",795.96M,0.85%
18/04/2019,7459.88,"7,471.32","7,475.91","7,437.87",536.60M,-0.15%
17/04/2019,7471.32,"7,469.92","7,478.95","7,445.12",665.16M,0.02%
16/04/2019,7469.92,"7,436.87","7,485.93","7,436.87",642.95M,0.44%
15/04/2019,7436.87,"7,437.06","7,447.08","7,420.27",527.42M,0.00%
12/04/2019,7437.06,"7,417.95","7,454.78","7,415.00",718.44M,0.26%
11/04/2019,7417.95,"7,421.91","7,441.89","7,383.47",649.07M,-0.05%
10/04/2019,7421.91,"7,425.57","7,441.36","7,409.39",587.36M,-0.05%
09/04/2019,7425.57,"7,451.89","7,477.62","7,413.27",672.46M,-0.35%
08/04/2019,7451.89,"7,446.87","7,459.93","7,420.41",588.84M,0.07%
05/04/2019,7446.87,"7,401.94","7,461.39","7,400.79",700.98M,0.61%
04/04/2019,7401.94,"7,418.28","7,418.43","7,367.44",696.56M,-0.22%
03/04/2019,7418.28,"7,391.12","7,418.31","7,380.93",908.00M,0.37%
02/04/2019,7391.12,"7,317.38","7,403.56","7,316.81",742.82M,1.01%
01/04/2019,7317.38,"7,279.19","7,352.15","7,279.19",718.29M,0.52%
29/03/2019,7279.19,"7,234.33","7,287.72","7,223.30",818.95M,0.62%
28/03/2019,7234.33,"7,194.19","7,265.47","7,190.87",585.60M,0.56%
27/03/2019,7194.19,"7,196.29","7,222.64","7,160.14",699.73M,-0.03%
26/03/2019,7196.29,"7,177.58","7,221.02","7,169.37",649.06M,0.26%
25/03/2019,7177.58,"7,207.59","7,208.09","7,146.83",604.28M,-0.42%
22/03/2019,7207.59,"7,355.31","7,356.37","7,192.76",716.21M,-2.01%
21/03/2019,7355.31,"7,291.01","7,370.61","7,290.62",731.35M,0.88%
20/03/2019,7291.01,"7,324.00","7,341.57","7,291.01",771.73M,-0.45%
19/03/2019,7324.0,"7,299.19","7,350.10","7,294.50",617.24M,0.34%
18/03/2019,7299.19,"7,228.28","7,299.19","7,228.19",662.83M,0.98%
15/03/2019,7228.28,"7,185.43","7,243.80","7,185.43",1.38B,0.60%
14/03/2019,7185.43,"7,159.19","7,215.45","7,148.08",815.71M,0.37%
13/03/2019,7159.19,"7,151.15","7,181.85","7,128.71",767.65M,0.11%
12/03/2019,7151.15,"7,130.62","7,166.55","7,083.22",775.29M,0.29%
11/03/2019,7130.62,"7,104.31","7,181.61","7,104.31",695.14M,0.37%
08/03/2019,7104.31,"7,157.55","7,157.55","7,077.93",640.78M,-0.74%
07/03/2019,7157.55,"7,196.00","7,196.00","7,126.57",712.68M,-0.53%
06/03/2019,7196.0,"7,183.43","7,211.83","7,170.25",816.15M,0.17%
05/03/2019,7183.43,"7,134.39","7,191.65","7,127.18",819.86M,0.69%
04/03/2019,7134.39,"7,106.73","7,166.19","7,106.73",654.23M,0.39%
01/03/2019,7106.73,"7,074.73","7,129.72","7,074.73",722.48M,0.45%
28/02/2019,7074.73,"7,107.20","7,107.20","7,041.03",1.01B,-0.46%
27/02/2019,7107.2,"7,151.12","7,151.12","7,082.62",897.62M,-0.61%
26/02/2019,7151.12,"7,183.74","7,183.79","7,091.59",892.46M,-0.45%
25/02/2019,7183.74,"7,178.60","7,210.70","7,158.19",664.87M,0.07%
22/02/2019,7178.6,"7,167.39","7,220.52","7,162.37",666.72M,0.16%
21/02/2019,7167.39,"7,228.62","7,228.78","7,141.85",822.59M,-0.85%
20/02/2019,7228.62,"7,179.17","7,234.16","7,177.95",887.89M,0.69%
19/02/2019,7179.17,"7,219.47","7,219.53","7,162.80",643.41M,-0.56%
18/02/2019,7219.47,"7,236.68","7,242.09","7,209.70",453.43M,-0.24%
15/02/2019,7236.68,"7,197.01","7,261.63","7,185.23",709.70M,0.55%
14/02/2019,7197.01,"7,190.84","7,232.83","7,183.01",535.04M,0.09%
13/02/2019,7190.84,"7,133.14","7,205.07","7,133.14",578.84M,0.81%
12/02/2019,7133.14,"7,129.11","7,168.61","7,121.72",542.97M,0.06%
11/02/2019,7129.11,"7,071.18","7,149.23","7,071.18",565.26M,0.82%
08/02/2019,7071.18,"7,093.58","7,115.83","7,064.90",548.73M,-0.32%
07/02/2019,7093.58,"7,173.09","7,187.51","7,093.58",669.72M,-1.11%
06/02/2019,7173.09,"7,177.37","7,184.22","7,146.65",618.00M,-0.06%
05/02/2019,7177.37,"7,034.13","7,180.71","7,033.57",683.46M,2.04%
04/02/2019,7034.13,"7,020.22","7,046.58","7,002.42",630.90M,0.20%
01/02/2019,7020.22,"6,968.85","7,024.45","6,968.85",645.35M,0.74%
31/01/2019,6968.85,"6,941.63","6,994.88","6,941.09",893.09M,0.39%
30/01/2019,6941.63,"6,833.93","6,967.70","6,833.93",771.90M,1.58%
29/01/2019,6833.93,"6,747.10","6,860.34","6,747.10",718.59M,1.29%
28/01/2019,6747.1,"6,809.22","6,812.53","6,734.00",668.24M,-0.91%
25/01/2019,6809.22,"6,818.95","6,858.19","6,806.77",749.99M,-0.14%
24/01/2019,6818.95,"6,842.88","6,854.59","6,802.03",618.51M,-0.35%
23/01/2019,6842.88,"6,901.39","6,901.63","6,834.30",666.01M,-0.85%
22/01/2019,6901.39,"6,970.59","6,970.59","6,880.69",583.46M,-0.99%
21/01/2019,6970.59,"6,968.33","6,987.93","6,954.52",488.78M,0.03%
18/01/2019,6968.33,"6,834.92","6,984.36","6,834.92",820.33M,1.95%
17/01/2019,6834.92,"6,862.68","6,862.68","6,799.03",600.66M,-0.40%
16/01/2019,6862.68,"6,895.02","6,912.44","6,848.57",811.96M,-0.47%
15/01/2019,6895.02,"6,855.02","6,910.45","6,849.63",708.58M,0.58%
14/01/2019,6855.02,"6,918.18","6,918.21","6,841.74",704.57M,-0.91%
11/01/2019,6918.18,"6,942.87","7,001.94","6,902.65",701.51M,-0.36%
10/01/2019,6942.87,"6,906.63","6,948.18","6,860.82",630.32M,0.52%
09/01/2019,6906.63,"6,861.60","6,938.31","6,861.60",887.29M,0.66%
08/01/2019,6861.6,"6,810.88","6,901.48","6,804.89",672.10M,0.74%
07/01/2019,6810.88,"6,837.42","6,874.11","6,778.01",759.33M,-0.39%
04/01/2019,6837.42,"6,692.66","6,850.37","6,692.50",658.88M,2.16%
03/01/2019,6692.66,"6,734.23","6,753.14","6,685.09",694.92M,-0.62%
02/01/2019,6734.23,"6,728.13","6,753.29","6,599.48",633.24M,0.09%
31/12/2018,6728.13,"6,733.97","6,752.54","6,718.32",232.27M,-0.09%
28/12/2018,6733.97,"6,584.68","6,742.48","6,584.68",515.16M,2.27%
27/12/2018,6584.68,"6,685.99","6,728.49","6,536.53",608.36M,-1.52%
24/12/2018,6685.99,"6,721.17","6,721.17","6,661.04",198.77M,-0.52%
21/12/2018,6721.17,"6,711.93","6,733.00","6,653.65",1.65B,0.14%
20/12/2018,6711.93,"6,765.94","6,765.94","6,646.45",929.57M,-0.80%
19/12/2018,6765.94,"6,701.59","6,785.16","6,698.15",777.37M,0.96%
18/12/2018,6701.59,"6,773.24","6,773.24","6,701.59",880.78M,-1.06%
17/12/2018,6773.24,"6,845.17","6,845.17","6,761.38",734.72M,-1.05%
14/12/2018,6845.17,"6,877.50","6,877.50","6,788.65",736.01M,-0.47%
13/12/2018,6877.5,"6,880.19","6,908.48","6,848.98",757.82M,-0.04%
12/12/2018,6880.19,"6,806.94","6,902.19","6,806.94",1.10B,1.08%
11/12/2018,6806.94,"6,721.54","6,857.58","6,721.54",867.26M,1.27%
10/12/2018,6721.54,"6,778.11","6,815.84","6,719.17",891.07M,-0.83%
07/12/2018,6778.11,"6,704.05","6,868.27","6,704.05",845.32M,1.10%
06/12/2018,6704.05,"6,921.84","6,921.84","6,673.57",1.06B,-3.15%
05/12/2018,6921.84,"7,022.76","7,028.65","6,921.84",813.44M,-1.44%
04/12/2018,7022.76,"7,062.41","7,095.01","7,002.71",844.63M,-0.56%
03/12/2018,7062.41,"6,980.24","7,145.49","6,980.24",891.14M,1.18%
30/11/2018,6980.24,"7,038.95","7,042.07","6,965.60",1.22B,-0.83%
29/11/2018,7038.95,"7,004.52","7,078.37","7,004.52",797.79M,0.49%
28/11/2018,7004.52,"7,016.85","7,057.03","6,987.25",825.36M,-0.18%
27/11/2018,7016.85,"7,036.00","7,043.70","6,983.98",855.62M,-0.27%
26/11/2018,7036.0,"6,952.86","7,050.96","6,952.86",826.83M,1.20%
23/11/2018,6952.86,"6,960.32","6,987.53","6,912.30",707.66M,-0.11%
22/11/2018,6960.32,"7,050.23","7,050.43","6,944.95",786.80M,-1.28%
21/11/2018,7050.23,"6,947.92","7,058.56","6,947.92",864.50M,1.47%
20/11/2018,6947.92,"7,000.89","7,010.10","6,904.21",851.71M,-0.76%
19/11/2018,7000.89,"7,013.88","7,070.46","6,997.83",800.44M,-0.19%
16/11/2018,7013.88,"7,038.01","7,092.44","6,968.99",1.04B,-0.34%
15/11/2018,7038.01,"7,033.79","7,081.88","6,979.57",1.29B,0.06%
14/11/2018,7033.79,"7,053.76","7,113.59","6,979.68",953.79M,-0.28%
13/11/2018,7053.76,"7,053.08","7,103.97","7,016.64",1.08B,0.01%
12/11/2018,7053.08,"7,105.34","7,186.31","7,053.08",730.62M,-0.74%
09/11/2018,7105.34,"7,140.68","7,140.68","7,070.80",672.89M,-0.49%
08/11/2018,7140.68,"7,117.28","7,171.69","7,115.01",697.80M,0.33%
07/11/2018,7117.28,"7,040.68","7,136.75","7,040.68",698.98M,1.09%
06/11/2018,7040.68,"7,103.84","7,117.50","7,027.45",666.52M,-0.89%
05/11/2018,7103.84,"7,094.12","7,140.37","7,077.40",570.49M,0.14%
02/11/2018,7094.12,"7,114.66","7,196.39","7,094.12",824.95M,-0.29%
01/11/2018,7114.66,"7,128.10","7,165.61","7,085.74",1.06B,-0.19%
31/10/2018,7128.1,"7,035.85","7,161.54","7,035.85",923.08M,1.31%
30/10/2018,7035.85,"7,026.32","7,060.06","6,983.68",774.72M,0.14%
29/10/2018,7026.32,"6,939.56","7,085.88","6,939.56",804.71M,1.25%
26/10/2018,6939.56,"7,004.10","7,004.16","6,851.59",803.06M,-0.92%
25/10/2018,7004.1,"6,962.98","7,004.10","6,885.99",853.93M,0.59%
24/10/2018,6962.98,"6,955.21","7,049.83","6,955.21",797.99M,0.11%
23/10/2018,6955.21,"7,042.80","7,042.80","6,928.65",1.01B,-1.24%
22/10/2018,7042.8,"7,049.80","7,114.12","7,042.05",806.70M,-0.10%
19/10/2018,7049.8,"7,026.99","7,070.38","7,012.56",800.35M,0.32%
18/10/2018,7026.99,"7,054.60","7,078.76","7,026.74",692.86M,-0.39%
17/10/2018,7054.6,"7,059.40","7,089.03","7,019.41",707.14M,-0.07%
16/10/2018,7059.4,"7,029.22","7,062.08","6,998.93",786.10M,0.43%
15/10/2018,7029.22,"6,995.91","7,038.23","6,961.28",674.96M,0.48%
12/10/2018,6995.91,"7,006.93","7,073.99","6,994.78",903.68M,-0.16%
11/10/2018,7006.93,"7,145.74","7,145.74","6,998.02",1.21B,-1.94%
10/10/2018,7145.74,"7,237.59","7,242.31","7,145.74",1.06B,-1.27%
09/10/2018,7237.59,"7,233.33","7,247.64","7,184.28",789.69M,0.06%
08/10/2018,7233.33,"7,318.54","7,319.84","7,233.33",695.80M,-1.16%
05/10/2018,7318.54,"7,418.34","7,421.12","7,318.54",758.63M,-1.35%
04/10/2018,7418.34,"7,510.28","7,510.28","7,411.31",826.76M,-1.22%
03/10/2018,7510.28,"7,474.55","7,524.06","7,474.55",849.12M,0.48%
02/10/2018,7474.55,"7,495.67","7,495.67","7,444.80",843.12M,-0.28%
01/10/2018,7495.67,"7,510.20","7,526.20","7,466.67",746.18M,-0.19%
28/09/2018,7510.2,"7,545.44","7,548.36","7,474.67",943.92M,-0.47%
27/09/2018,7545.44,"7,511.49","7,552.02","7,490.94",666.22M,0.45%
26/09/2018,7511.49,"7,507.56","7,522.06","7,490.20",693.15M,0.05%
25/09/2018,7507.56,"7,458.41","7,515.94","7,455.22",791.70M,0.66%
24/09/2018,7458.41,"7,490.23","7,491.25","7,450.53",710.21M,-0.42%
21/09/2018,7490.23,"7,367.32","7,495.26","7,367.32",1.55B,1.67%
20/09/2018,7367.32,"7,331.12","7,368.43","7,324.01",891.66M,0.49%
19/09/2018,7331.12,"7,300.23","7,346.11","7,279.92",785.95M,0.42%
18/09/2018,7300.23,"7,302.10","7,320.07","7,281.98",722.03M,-0.03%
17/09/2018,7302.1,"7,304.04","7,318.77","7,267.83",640.19M,-0.03%
14/09/2018,7304.04,"7,281.57","7,323.83","7,281.57",595.14M,0.31%
13/09/2018,7281.57,"7,313.36","7,319.57","7,275.14",681.15M,-0.43%
12/09/2018,7313.36,"7,273.54","7,325.25","7,250.84",698.11M,0.55%
11/09/2018,7273.54,"7,279.30","7,280.48","7,220.50",664.03M,-0.08%
10/09/2018,7279.3,"7,277.70","7,307.85","7,256.51",717.86M,0.02%
07/09/2018,7277.7,"7,318.96","7,328.30","7,227.07",889.09M,-0.56%
06/09/2018,7318.96,"7,383.28","7,397.74","7,313.12",743.69M,-0.87%
05/09/2018,7383.28,"7,457.86","7,457.86","7,357.98",792.99M,-1.00%
04/09/2018,7457.86,"7,504.60","7,535.12","7,437.65",672.99M,-0.62%
03/09/2018,7504.6,"7,432.42","7,516.06","7,432.18",468.85M,0.97%
31/08/2018,7432.42,"7,516.03","7,516.46","7,428.67",838.07M,-1.11%
30/08/2018,7516.03,"7,563.21","7,563.21","7,497.54",642.44M,-0.62%
29/08/2018,7563.21,"7,617.22","7,635.74","7,545.08",709.98M,-0.71%
28/08/2018,7617.22,"7,577.49","7,636.72","7,577.49",603.83M,0.52%
24/08/2018,7577.49,"7,563.22","7,587.19","7,557.67",523.57M,0.19%
23/08/2018,7563.22,"7,574.24","7,602.10","7,560.85",592.64M,-0.15%
22/08/2018,7574.24,"7,565.70","7,607.23","7,531.24",630.16M,0.11%
21/08/2018,7565.7,"7,591.26","7,601.65","7,557.34",560.35M,-0.34%
20/08/2018,7591.26,"7,558.59","7,616.15","7,558.59",576.84M,0.43%
17/08/2018,7558.59,"7,556.38","7,577.68","7,514.26",621.37M,0.03%
16/08/2018,7556.38,"7,497.87","7,565.18","7,497.87",795.28M,0.78%
15/08/2018,7497.87,"7,611.64","7,632.07","7,477.05",994.26M,-1.49%
14/08/2018,7611.64,"7,642.45","7,665.24","7,599.66",787.26M,-0.40%
13/08/2018,7642.45,"7,667.01","7,667.33","7,614.48",612.15M,-0.32%
10/08/2018,7667.01,"7,741.77","7,741.77","7,657.72",684.69M,-0.97%
09/08/2018,7741.77,"7,776.65","7,776.77","7,714.52",582.94M,-0.45%
08/08/2018,7776.65,"7,718.48","7,790.17","7,707.30",621.15M,0.75%
07/08/2018,7718.48,"7,663.78","7,752.08","7,663.20",696.34M,0.71%
06/08/2018,7663.78,"7,659.10","7,681.86","7,636.60",838.43M,0.06%
03/08/2018,7659.1,"7,575.93","7,665.16","7,575.93",670.04M,1.10%
02/08/2018,7575.93,"7,652.91","7,652.91","7,549.34",1.04B,-1.01%
01/08/2018,7652.91,"7,748.76","7,751.10","7,634.66",1.01B,-1.24%
31/07/2018,7748.76,"7,700.85","7,782.90","7,695.76",943.37M,0.62%
30/07/2018,7700.85,"7,701.31","7,718.06","7,659.91",755.66M,-0.01%
27/07/2018,7701.31,"7,663.17","7,717.22","7,663.16",788.38M,0.50%
26/07/2018,7663.17,"7,658.26","7,684.72","7,640.94",607.06M,0.06%
25/07/2018,7658.26,"7,709.05","7,710.25","7,640.59",698.48M,-0.66%
24/07/2018,7709.05,"7,655.79","7,740.64","7,648.59",878.89M,0.70%
23/07/2018,7655.79,"7,678.79","7,678.79","7,621.75",591.25M,-0.30%
20/07/2018,7678.79,"7,683.97","7,705.80","7,631.66",706.25M,-0.07%
19/07/2018,7683.97,"7,676.28","7,702.85","7,660.02",716.90M,0.10%
18/07/2018,7676.28,"7,626.33","7,685.68","7,625.75",671.52M,0.65%
17/07/2018,7626.33,"7,600.45","7,641.10","7,581.83",746.77M,0.34%
16/07/2018,7600.45,"7,661.87","7,667.71","7,564.96",608.96M,-0.80%
13/07/2018,7661.87,"7,651.33","7,716.24","7,651.33",592.17M,0.14%
12/07/2018,7651.33,"7,591.96","7,662.96","7,591.96",769.26M,0.78%
11/07/2018,7591.96,"7,692.04","7,692.04","7,578.18",816.82M,-1.30%
10/07/2018,7692.04,"7,687.99","7,715.07","7,677.06",723.21M,0.05%
09/07/2018,7687.99,"7,617.70","7,697.46","7,617.70",697.51M,0.92%
06/07/2018,7617.7,"7,603.22","7,631.19","7,569.70",684.00M,0.19%
05/07/2018,7603.22,"7,573.09","7,624.82","7,572.69",631.12M,0.40%
04/07/2018,7573.09,"7,593.29","7,593.29","7,560.81",591.92M,-0.27%
03/07/2018,7593.29,"7,547.85","7,632.12","7,544.98",1.05B,0.60%
02/07/2018,7547.85,"7,636.93","7,636.93","7,540.71",802.39M,-1.17%
29/06/2018,7636.93,"7,615.63","7,706.64","7,615.63",926.73M,0.28%
28/06/2018,7615.63,"7,621.69","7,632.17","7,576.01",815.21M,-0.08%
27/06/2018,7621.69,"7,537.92","7,633.92","7,512.03",1.69B,1.11%
26/06/2018,7537.92,"7,509.84","7,564.05","7,509.84",1.12B,0.37%
25/06/2018,7509.84,"7,682.27","7,682.27","7,508.32",815.82M,-2.24%
22/06/2018,7682.27,"7,556.44","7,689.44","7,556.20",738.42M,1.67%
21/06/2018,7556.44,"7,627.40","7,670.78","7,548.12",801.61M,-0.93%
20/06/2018,7627.4,"7,603.85","7,705.20","7,603.85",870.10M,0.31%
19/06/2018,7603.85,"7,631.33","7,631.33","7,548.84",921.29M,-0.36%
18/06/2018,7631.33,"7,633.91","7,645.47","7,601.60",683.91M,-0.03%
15/06/2018,7633.91,"7,765.79","7,781.00","7,633.91",1.76B,-1.70%
14/06/2018,7765.79,"7,703.71","7,793.45","7,650.16",1.15B,0.81%
13/06/2018,7703.71,"7,703.81","7,746.70","7,677.17",877.98M,0.00%
12/06/2018,7703.81,"7,737.43","7,762.77","7,701.33",797.69M,-0.43%
11/06/2018,7737.43,"7,681.07","7,756.02","7,681.07",758.83M,0.73%
08/06/2018,7681.07,"7,704.40","7,714.32","7,637.52",778.85M,-0.30%
07/06/2018,7704.4,"7,712.37","7,756.66","7,698.15",1.09B,-0.10%
06/06/2018,7712.37,"7,686.80","7,730.48","7,671.62",909.67M,0.33%
05/06/2018,7686.8,"7,741.29","7,744.46","7,686.61",962.54M,-0.70%
04/06/2018,7741.29,"7,701.77","7,772.12","7,701.70",743.52M,0.51%
01/06/2018,7701.77,"7,678.20","7,746.73","7,678.20",807.70M,0.31%
31/05/2018,7678.2,"7,689.57","7,727.45","7,651.12",1.59B,-0.15%
30/05/2018,7689.57,"7,632.64","7,689.57","7,618.12",950.54M,0.75%
29/05/2018,7632.64,"7,730.28","7,730.28","7,610.66",1.33B,-1.26%
25/05/2018,7730.28,"7,716.74","7,753.32","7,703.26",852.47M,0.18%
24/05/2018,7716.74,"7,788.44","7,803.45","7,716.74",917.82M,-0.92%
23/05/2018,7788.44,"7,877.45","7,877.45","7,765.32",944.43M,-1.13%
22/05/2018,7877.45,"7,859.17","7,903.50","7,854.58",829.87M,0.23%
21/05/2018,7859.17,"7,778.79","7,868.12","7,778.12",713.10M,1.03%
18/05/2018,7778.79,"7,787.97","7,791.41","7,753.27",927.55M,-0.12%
17/05/2018,7787.97,"7,734.20","7,788.23","7,713.85",802.62M,0.70%
16/05/2018,7734.2,"7,722.98","7,745.53","7,717.76",959.90M,0.15%
15/05/2018,7722.98,"7,710.98","7,752.02","7,687.49",1.06B,0.16%
14/05/2018,7710.98,"7,724.55","7,727.96","7,688.57",772.86M,-0.18%
11/05/2018,7724.55,"7,700.97","7,728.89","7,691.69",754.16M,0.31%
10/05/2018,7700.97,"7,662.52","7,706.87","7,631.58",901.48M,0.50%
09/05/2018,7662.52,"7,565.75","7,662.52","7,565.75",918.68M,1.28%
08/05/2018,7565.75,"7,567.14","7,598.51","7,550.44",896.88M,-0.02%
04/05/2018,7567.14,"7,502.69","7,570.22","7,502.69",886.34M,0.86%
03/05/2018,7502.69,"7,543.20","7,555.18","7,492.39",745.26M,-0.54%
02/05/2018,7543.2,"7,520.36","7,572.98","7,519.62",855.11M,0.30%
01/05/2018,7520.36,"7,509.30","7,549.07","7,506.57",584.61M,0.15%
30/04/2018,7509.3,"7,502.21","7,546.16","7,497.11",1.02B,0.09%
27/04/2018,7502.21,"7,421.43","7,507.12","7,421.28",773.11M,1.09%
26/04/2018,7421.43,"7,379.32","7,421.43","7,355.00",839.86M,0.57%
25/04/2018,7379.32,"7,425.40","7,427.13","7,334.64",906.77M,-0.62%
24/04/2018,7425.4,"7,398.87","7,439.58","7,397.29",862.03M,0.36%
23/04/2018,7398.87,"7,368.17","7,404.11","7,359.73",799.46M,0.42%
20/04/2018,7368.17,"7,328.92","7,368.17","7,323.31",792.27M,0.54%
19/04/2018,7328.92,"7,317.34","7,340.73","7,309.42",811.86M,0.16%
18/04/2018,7317.34,"7,226.05","7,325.59","7,226.05",904.18M,1.26%
17/04/2018,7226.05,"7,198.20","7,240.41","7,189.85",735.88M,0.39%
16/04/2018,7198.2,"7,264.56","7,265.83","7,195.46",889.30M,-0.91%
13/04/2018,7264.56,"7,258.34","7,274.99","7,249.07",677.12M,0.09%
12/04/2018,7258.34,"7,257.14","7,266.64","7,240.76",687.15M,0.02%
11/04/2018,7257.14,"7,266.75","7,270.28","7,243.32",789.65M,-0.13%
10/04/2018,7266.75,"7,194.75","7,266.75","7,194.75",778.17M,1.00%
09/04/2018,7194.75,"7,183.64","7,209.68","7,145.57",691.58M,0.15%
06/04/2018,7183.64,"7,199.50","7,214.02","7,163.11",676.29M,-0.22%
05/04/2018,7199.5,"7,034.01","7,199.50","7,034.01",819.22M,2.35%
04/04/2018,7034.01,"7,030.46","7,046.26","6,971.75",818.65M,0.05%
03/04/2018,7030.46,"7,056.61","7,064.98","6,996.76",814.72M,-0.37%
29/03/2018,7056.61,"7,044.74","7,109.93","7,042.73",900.25M,0.17%
28/03/2018,7044.74,"7,000.14","7,044.74","6,923.33",785.93M,0.64%
27/03/2018,7000.14,"6,888.69","7,042.37","6,888.69",712.08M,1.62%
26/03/2018,6888.69,"6,921.94","6,958.47","6,866.94",788.73M,-0.48%
23/03/2018,6921.94,"6,952.59","6,952.82","6,876.96",906.20M,-0.44%
22/03/2018,6952.59,"7,038.97","7,038.97","6,914.45",887.62M,-1.23%
21/03/2018,7038.97,"7,061.27","7,065.66","7,016.79",785.55M,-0.32%
20/03/2018,7061.27,"7,042.93","7,081.50","7,042.60",764.83M,0.26%
19/03/2018,7042.93,"7,164.14","7,164.19","7,034.91",750.73M,-1.69%
16/03/2018,7164.14,"7,139.76","7,187.27","7,131.31",1.42B,0.34%
15/03/2018,7139.76,"7,132.69","7,162.58","7,127.08",833.05M,0.10%
14/03/2018,7132.69,"7,138.78","7,176.51","7,122.76",775.44M,-0.09%
13/03/2018,7138.78,"7,214.76","7,224.13","7,125.60",790.45M,-1.05%
12/03/2018,7214.76,"7,224.51","7,254.87","7,198.18",631.27M,-0.13%
09/03/2018,7224.51,"7,203.24","7,225.28","7,189.74",671.26M,0.30%
08/03/2018,7203.24,"7,157.84","7,212.14","7,145.70",734.71M,0.63%
07/03/2018,7157.84,"7,146.75","7,180.71","7,109.56",889.06M,0.16%
06/03/2018,7146.75,"7,115.98","7,197.80","7,115.60",810.45M,0.43%
05/03/2018,7115.98,"7,069.90","7,119.21","7,062.13",956.92M,0.65%
02/03/2018,7069.9,"7,175.64","7,175.64","7,063.42",938.59M,-1.47%
01/03/2018,7175.64,"7,231.91","7,231.91","7,153.39",886.34M,-0.78%
28/02/2018,7231.91,"7,282.45","7,293.36","7,231.91",948.41M,-0.69%
27/02/2018,7282.45,"7,289.58","7,326.02","7,272.87",740.36M,-0.10%
26/02/2018,7289.58,"7,244.41","7,312.98","7,244.31",603.89M,0.62%
23/02/2018,7244.41,"7,252.39","7,262.05","7,220.81",695.74M,-0.11%
22/02/2018,7252.39,"7,281.57","7,281.57","7,187.76",952.98M,-0.40%
21/02/2018,7281.57,"7,246.77","7,291.80","7,220.55",930.80M,0.48%
20/02/2018,7246.77,"7,247.66","7,264.78","7,202.14",699.56M,-0.01%
19/02/2018,7247.66,"7,294.70","7,306.21","7,239.98",520.05M,-0.64%
16/02/2018,7294.7,"7,234.81","7,307.97","7,234.81",671.91M,0.83%
15/02/2018,7234.81,"7,213.97","7,267.96","7,206.69",770.03M,0.29%
14/02/2018,7213.97,"7,168.01","7,243.15","7,145.73",969.40M,0.64%
13/02/2018,7168.01,"7,177.06","7,202.99","7,165.83",740.99M,-0.13%
12/02/2018,7177.06,"7,092.43","7,199.93","7,092.43",737.67M,1.19%
09/02/2018,7092.43,"7,170.69","7,170.69","7,073.03",955.73M,-1.09%
08/02/2018,7170.69,"7,279.42","7,279.42","7,161.31",1.00B,-1.49%
07/02/2018,7279.42,"7,141.40","7,311.50","7,141.40",1.06B,1.93%
06/02/2018,7141.4,"7,334.98","7,334.98","7,079.41",1.40B,-2.64%
05/02/2018,7334.98,"7,443.43","7,443.43","7,334.79",916.49M,-1.46%
02/02/2018,7443.43,"7,490.39","7,494.76","7,432.25",898.53M,-0.63%
01/02/2018,7490.39,"7,533.55","7,554.73","7,476.51",899.49M,-0.57%
31/01/2018,7533.55,"7,587.98","7,599.01","7,521.77",907.20M,-0.72%
30/01/2018,7587.98,"7,671.53","7,671.67","7,587.12",823.71M,-1.09%
29/01/2018,7671.53,"7,665.54","7,689.15","7,663.93",631.88M,0.08%
26/01/2018,7665.54,"7,615.84","7,667.40","7,615.84",735.67M,0.65%
25/01/2018,7615.84,"7,643.43","7,662.35","7,608.53",735.31M,-0.36%
24/01/2018,7643.43,"7,731.83","7,731.98","7,643.43",769.85M,-1.14%
23/01/2018,7731.83,"7,715.44","7,745.22","7,710.03",765.38M,0.21%
22/01/2018,7715.44,"7,730.79","7,739.35","7,703.67",752.61M,-0.20%
19/01/2018,7730.79,"7,700.96","7,731.82","7,694.66",820.00M,0.39%
18/01/2018,7700.96,"7,725.43","7,739.54","7,683.71",789.20M,-0.32%
17/01/2018,7725.43,"7,755.93","7,755.93","7,711.11",847.95M,-0.39%
16/01/2018,7755.93,"7,769.14","7,791.83","7,740.55",849.62M,-0.17%
15/01/2018,7769.14,"7,778.64","7,783.61","7,763.43",568.97M,-0.12%
12/01/2018,7778.64,"7,762.94","7,792.56","7,752.63",1.17B,0.20%
11/01/2018,7762.94,"7,748.51","7,768.96","7,734.64",1.01B,0.19%
10/01/2018,7748.51,"7,731.02","7,756.11","7,716.21",885.66M,0.23%
09/01/2018,7731.02,"7,696.51","7,733.12","7,696.50",728.23M,0.45%
08/01/2018,7696.51,"7,724.22","7,733.39","7,691.77",654.44M,-0.36%
05/01/2018,7724.22,"7,695.88","7,727.73","7,689.81",655.71M,0.37%
04/01/2018,7695.88,"7,671.11","7,702.51","7,671.11",727.69M,0.32%
03/01/2018,7671.11,"7,648.10","7,689.86","7,640.53",589.34M,0.30%
02/01/2018,7648.1,"7,687.77","7,691.34","7,624.14",594.07M,-0.52%
29/12/2017,7687.77,"7,622.88","7,697.62","7,620.01",298.18M,0.85%
28/12/2017,7622.88,"7,620.68","7,633.55","7,609.77",321.52M,0.03%
27/12/2017,7620.68,"7,592.66","7,632.71","7,586.42",472.51M,0.37%
22/12/2017,7592.66,"7,603.98","7,614.40","7,585.47",251.37M,-0.15%
21/12/2017,7603.98,"7,525.22","7,609.69","7,517.88",640.56M,1.05%
20/12/2017,7525.22,"7,544.09","7,550.60","7,511.45",679.71M,-0.25%
19/12/2017,7544.09,"7,537.01","7,563.49","7,534.08",695.72M,0.09%
18/12/2017,7537.01,"7,490.57","7,544.26","7,490.57",585.56M,0.62%
15/12/2017,7490.57,"7,448.12","7,490.57","7,433.78",1.22B,0.57%
14/12/2017,7448.12,"7,496.51","7,496.70","7,448.12",924.06M,-0.65%
13/12/2017,7496.51,"7,500.41","7,510.77","7,492.58",1.03B,-0.05%
12/12/2017,7500.41,"7,453.48","7,501.52","7,448.31",1.02B,0.63%
11/12/2017,7453.48,"7,393.96","7,458.40","7,393.58",933.60M,0.80%
08/12/2017,7393.96,"7,320.75","7,412.21","7,314.23",1.04B,1.00%
07/12/2017,7320.75,"7,348.03","7,371.73","7,314.60",823.88M,-0.37%
06/12/2017,7348.03,"7,327.50","7,369.71","7,289.36",692.98M,0.28%
05/12/2017,7327.5,"7,338.97","7,373.90","7,326.57",903.63M,-0.16%
04/12/2017,7338.97,"7,300.49","7,369.65","7,300.49",768.16M,0.53%
01/12/2017,7300.49,"7,326.67","7,355.43","7,288.73",865.25M,-0.36%
30/11/2017,7326.67,"7,393.56","7,416.26","7,326.67",1.38B,-0.90%
29/11/2017,7393.56,"7,460.65","7,460.65","7,386.67",1.11B,-0.90%
28/11/2017,7460.65,"7,383.90","7,469.61","7,373.95",946.12M,1.04%
27/11/2017,7383.9,"7,409.64","7,438.39","7,383.90",656.44M,-0.35%
24/11/2017,7409.64,"7,417.24","7,425.19","7,389.54",561.89M,-0.10%
23/11/2017,7417.24,"7,419.02","7,422.73","7,373.31",577.46M,-0.02%
22/11/2017,7419.02,"7,411.34","7,460.91","7,410.38",859.39M,0.10%
21/11/2017,7411.34,"7,389.46","7,422.18","7,367.86",753.29M,0.30%
20/11/2017,7389.46,"7,380.68","7,397.39","7,350.37",738.28M,0.12%
17/11/2017,7380.68,"7,386.94","7,406.53","7,356.16",731.96M,-0.08%
16/11/2017,7386.94,"7,372.61","7,393.28","7,368.14",926.68M,0.19%
15/11/2017,7372.61,"7,414.42","7,415.09","7,357.06",919.47M,-0.56%
14/11/2017,7414.42,"7,415.18","7,436.57","7,396.92",1.18B,-0.01%
13/11/2017,7415.18,"7,432.99","7,469.30","7,402.95",759.79M,-0.24%
10/11/2017,7432.99,"7,484.10","7,500.29","7,421.73",694.70M,-0.68%
09/11/2017,7484.1,"7,529.72","7,532.20","7,476.89",860.71M,-0.61%
08/11/2017,7529.72,"7,513.11","7,534.49","7,504.77",807.97M,0.22%
07/11/2017,7513.11,"7,562.28","7,582.85","7,507.83",747.48M,-0.65%
06/11/2017,7562.28,"7,560.35","7,572.90","7,544.20",632.91M,0.03%
03/11/2017,7560.35,"7,555.32","7,580.95","7,541.91",672.31M,0.07%
02/11/2017,7555.32,"7,487.96","7,562.26","7,478.88",1.03B,0.90%
01/11/2017,7487.96,"7,493.08","7,532.36","7,487.96",1.21B,-0.07%
31/10/2017,7493.08,"7,487.81","7,516.85","7,483.97",730.56M,0.07%
30/10/2017,7487.81,"7,505.03","7,507.02","7,478.41",749.41M,-0.23%
27/10/2017,7505.03,"7,486.50","7,520.76","7,485.24",870.03M,0.25%
26/10/2017,7486.5,"7,447.21","7,488.26","7,440.11",1.02B,0.53%
25/10/2017,7447.21,"7,526.54","7,528.46","7,437.42",922.39M,-1.05%
24/10/2017,7526.54,"7,524.45","7,535.22","7,508.50",676.61M,0.03%
23/10/2017,7524.45,"7,523.23","7,542.00","7,511.77",565.83M,0.02%
20/10/2017,7523.23,"7,523.04","7,560.04","7,517.07",752.95M,0.00%
19/10/2017,7523.04,"7,542.87","7,542.87","7,485.42",828.89M,-0.26%
18/10/2017,7542.87,"7,516.17","7,555.24","7,516.17",645.75M,0.36%
17/10/2017,7516.17,"7,526.97","7,550.44","7,506.31",1.03B,-0.14%
16/10/2017,7526.97,"7,535.44","7,557.00","7,526.73",738.06M,-0.11%
13/10/2017,7535.44,"7,556.24","7,556.24","7,521.09",686.92M,-0.28%
12/10/2017,7556.24,"7,533.81","7,565.11","7,526.33",722.80M,0.30%
11/10/2017,7533.81,"7,538.27","7,550.17","7,519.60",1.25B,-0.06%
10/10/2017,7538.27,"7,507.89","7,543.88","7,504.56",821.71M,0.40%
09/10/2017,7507.89,"7,522.87","7,523.65","7,493.68",695.85M,-0.20%
06/10/2017,7522.87,"7,507.99","7,527.72","7,507.99",694.72M,0.20%
05/10/2017,7507.99,"7,467.58","7,507.99","7,464.40",775.86M,0.54%
04/10/2017,7467.58,"7,468.11","7,476.33","7,456.61",945.11M,-0.01%
03/10/2017,7468.11,"7,438.84","7,469.82","7,426.67",718.75M,0.39%
02/10/2017,7438.84,"7,372.76","7,438.84","7,372.73",891.03M,0.90%
29/09/2017,7372.76,"7,322.82","7,382.67","7,321.64",750.78M,0.68%
28/09/2017,7322.82,"7,313.51","7,323.33","7,289.75",748.36M,0.13%
27/09/2017,7313.51,"7,285.74","7,327.50","7,285.74",857.13M,0.38%
26/09/2017,7285.74,"7,301.29","7,311.82","7,273.32",707.67M,-0.21%
25/09/2017,7301.29,"7,310.64","7,312.45","7,272.49",601.76M,-0.13%
22/09/2017,7310.64,"7,263.90","7,320.28","7,242.23",644.90M,0.64%
21/09/2017,7263.9,"7,271.95","7,289.16","7,260.05",807.48M,-0.11%
20/09/2017,7271.95,"7,275.25","7,289.93","7,249.58",794.23M,-0.05%
19/09/2017,7275.25,"7,253.28","7,285.67","7,243.59",797.45M,0.30%
18/09/2017,7253.28,"7,215.47","7,257.45","7,215.47",734.33M,0.52%
15/09/2017,7215.47,"7,295.39","7,295.39","7,196.58",1.46B,-1.10%
14/09/2017,7295.39,"7,379.70","7,390.70","7,287.73",1.26B,-1.14%
13/09/2017,7379.7,"7,400.69","7,401.30","7,336.23",870.09M,-0.28%
12/09/2017,7400.69,"7,413.59","7,435.84","7,386.98",768.76M,-0.17%
11/09/2017,7413.59,"7,377.60","7,434.07","7,377.60",633.81M,0.49%
08/09/2017,7377.6,"7,396.98","7,396.98","7,358.42",619.11M,-0.26%
07/09/2017,7396.98,"7,354.13","7,412.68","7,348.38",663.67M,0.58%
06/09/2017,7354.13,"7,372.92","7,372.92","7,322.42",697.15M,-0.25%
05/09/2017,7372.92,"7,411.47","7,437.51","7,369.58",558.08M,-0.52%
04/09/2017,7411.47,"7,438.50","7,438.50","7,404.05",398.67M,-0.36%
01/09/2017,7438.5,"7,430.62","7,460.52","7,430.06",552.91M,0.11%
31/08/2017,7430.62,"7,365.26","7,443.68","7,365.01",784.89M,0.89%
30/08/2017,7365.26,"7,337.43","7,381.33","7,337.43",686.61M,0.38%
29/08/2017,7337.43,"7,401.46","7,401.62","7,289.20",757.21M,-0.87%
25/08/2017,7401.46,"7,407.06","7,439.53","7,401.46",513.07M,-0.08%
24/08/2017,7407.06,"7,382.65","7,437.87","7,382.16",756.85M,0.33%
23/08/2017,7382.65,"7,381.74","7,394.52","7,360.33",611.96M,0.01%
22/08/2017,7381.74,"7,318.88","7,387.55","7,318.88",676.38M,0.86%
21/08/2017,7318.88,"7,323.98","7,331.95","7,296.80",552.91M,-0.07%
18/08/2017,7323.98,"7,387.87","7,387.87","7,302.47",741.56M,-0.86%
17/08/2017,7387.87,"7,433.03","7,433.74","7,382.16",593.94M,-0.61%
16/08/2017,7433.03,"7,383.85","7,444.98","7,383.85",586.26M,0.67%
15/08/2017,7383.85,"7,353.89","7,399.35","7,353.89",510.54M,0.41%
14/08/2017,7353.89,"7,309.96","7,377.66","7,309.96",553.29M,0.60%
11/08/2017,7309.96,"7,389.94","7,389.96","7,296.49",767.62M,-1.08%
10/08/2017,7389.94,"7,498.06","7,498.06","7,376.66",735.23M,-1.44%
09/08/2017,7498.06,"7,542.73","7,542.73","7,475.83",803.93M,-0.59%
08/08/2017,7542.73,"7,531.94","7,551.85","7,518.45",615.74M,0.14%
07/08/2017,7531.94,"7,511.71","7,533.74","7,511.71",632.19M,0.27%
04/08/2017,7511.71,"7,474.77","7,519.06","7,465.12",776.41M,0.49%
03/08/2017,7474.77,"7,411.43","7,484.53","7,384.22",819.30M,0.85%
02/08/2017,7411.43,"7,423.66","7,434.71","7,388.91",731.35M,-0.16%
01/08/2017,7423.66,"7,372.00","7,440.14","7,372.00",740.61M,0.70%
31/07/2017,7372.0,"7,368.37","7,425.52","7,367.86",927.04M,0.05%
28/07/2017,7368.37,"7,443.01","7,443.01","7,339.44",822.65M,-1.00%
27/07/2017,7443.01,"7,452.32","7,461.85","7,410.85",1.01B,-0.12%
26/07/2017,7452.32,"7,434.82","7,487.05","7,434.68",774.93M,0.24%
25/07/2017,7434.82,"7,377.73","7,453.74","7,377.73",798.83M,0.77%
24/07/2017,7377.73,"7,452.91","7,453.22","7,357.50",1.11B,-1.01%
21/07/2017,7452.91,"7,487.87","7,515.12","7,433.89",722.77M,-0.47%
20/07/2017,7487.87,"7,430.91","7,502.73","7,430.91",728.09M,0.77%
19/07/2017,7430.91,"7,390.22","7,442.84","7,379.33",660.42M,0.55%
18/07/2017,7390.22,"7,404.13","7,418.53","7,357.77",634.51M,-0.19%
17/07/2017,7404.13,"7,378.39","7,426.37","7,378.30",613.97M,0.35%
14/07/2017,7378.39,"7,413.44","7,419.81","7,363.77",852.44M,-0.47%
13/07/2017,7413.44,"7,416.93","7,428.24","7,403.75",970.71M,-0.05%
12/07/2017,7416.93,"7,329.76","7,439.08","7,329.76",821.52M,1.19%
11/07/2017,7329.76,"7,370.03","7,386.88","7,304.77",683.49M,-0.55%
10/07/2017,7370.03,"7,350.92","7,388.02","7,344.31",615.60M,0.26%
07/07/2017,7350.92,"7,337.28","7,359.48","7,314.69",690.33M,0.19%
06/07/2017,7337.28,"7,367.60","7,373.85","7,303.46",791.24M,-0.41%
05/07/2017,7367.6,"7,357.23","7,386.92","7,347.52",952.88M,0.14%
04/07/2017,7357.23,"7,377.09","7,383.45","7,336.75",600.30M,-0.27%
03/07/2017,7377.09,"7,312.72","7,386.11","7,312.26",726.60M,0.88%
30/06/2017,7312.72,"7,350.32","7,377.38","7,302.71",1.01B,-0.51%
29/06/2017,7350.32,"7,387.80","7,451.95","7,341.75",959.17M,-0.51%
28/06/2017,7387.8,"7,434.36","7,445.31","7,381.36",859.43M,-0.63%
27/06/2017,7434.36,"7,446.80","7,451.68","7,411.36",725.03M,-0.17%
26/06/2017,7446.8,"7,424.13","7,480.95","7,424.13",714.44M,0.31%
23/06/2017,7424.13,"7,439.29","7,441.79","7,396.75",627.79M,-0.20%
22/06/2017,7439.29,"7,447.79","7,448.48","7,398.83",813.13M,-0.11%
21/06/2017,7447.79,"7,472.71","7,477.17","7,417.45",869.74M,-0.33%
20/06/2017,7472.71,"7,523.81","7,561.07","7,472.71",1.04B,-0.68%
19/06/2017,7523.81,"7,463.54","7,537.84","7,463.54",568.21M,0.81%
16/06/2017,7463.54,"7,419.36","7,478.99","7,419.36",1.95B,0.60%
15/06/2017,7419.36,"7,474.40","7,474.51","7,377.86",1.01B,-0.74%
14/06/2017,7474.4,"7,500.44","7,545.07","7,474.40",972.22M,-0.35%
13/06/2017,7500.44,"7,511.87","7,540.05","7,491.86",782.43M,-0.15%
12/06/2017,7511.87,"7,527.33","7,540.53","7,483.61",712.64M,-0.21%
09/06/2017,7527.33,"7,449.98","7,545.12","7,449.73",1.11B,1.04%
08/06/2017,7449.98,"7,478.62","7,489.66","7,449.98",893.77M,-0.38%
07/06/2017,7478.62,"7,524.95","7,555.62","7,476.33",901.56M,-0.62%
06/06/2017,7524.95,"7,525.76","7,527.64","7,502.83",867.65M,-0.01%
05/06/2017,7525.76,"7,547.63","7,562.00","7,519.06",624.06M,-0.29%
02/06/2017,7547.63,"7,543.77","7,598.99","7,539.96",823.79M,0.05%
01/06/2017,7543.77,"7,519.95","7,558.63","7,518.32",884.73M,0.32%
31/05/2017,7519.95,"7,526.51","7,586.45","7,519.68",1.89B,-0.09%
30/05/2017,7526.51,"7,547.63","7,547.65","7,497.07",760.55M,-0.28%
26/05/2017,7547.63,"7,517.71","7,554.21","7,514.39",797.46M,0.40%
25/05/2017,7517.71,"7,514.90","7,529.74","7,497.07",638.44M,0.04%
24/05/2017,7514.9,"7,485.29","7,519.58","7,475.11",848.44M,0.40%
23/05/2017,7485.29,"7,496.34","7,521.94","7,485.29",699.94M,-0.15%
22/05/2017,7496.34,"7,470.71","7,518.12","7,470.71",691.51M,0.34%
19/05/2017,7470.71,"7,436.42","7,480.28","7,436.42",845.28M,0.46%
18/05/2017,7436.42,"7,503.47","7,503.68","7,389.26",1.01B,-0.89%
17/05/2017,7503.47,"7,522.03","7,532.95","7,478.88",1.02B,-0.25%
16/05/2017,7522.03,"7,454.37","7,533.70","7,452.44",1.04B,0.91%
15/05/2017,7454.37,"7,435.39","7,460.20","7,434.24",857.70M,0.26%
12/05/2017,7435.39,"7,386.63","7,435.39","7,381.74",879.09M,0.66%
11/05/2017,7386.63,"7,385.24","7,396.19","7,369.23",985.41M,0.02%
10/05/2017,7385.24,"7,342.21","7,398.58","7,331.30",848.26M,0.59%
09/05/2017,7342.21,"7,300.86","7,359.61","7,300.86",729.08M,0.57%
08/05/2017,7300.86,"7,297.43","7,322.32","7,285.76",738.84M,0.05%
05/05/2017,7297.43,"7,248.10","7,297.43","7,222.81",908.53M,0.68%
04/05/2017,7248.1,"7,234.53","7,280.70","7,226.07",947.13M,0.19%
03/05/2017,7234.53,"7,250.05","7,250.05","7,218.56",790.04M,-0.21%
02/05/2017,7250.05,"7,203.94","7,254.32","7,203.94",939.01M,0.64%
28/04/2017,7203.94,"7,237.17","7,243.31","7,197.28",1.18B,-0.46%
27/04/2017,7237.17,"7,288.72","7,289.38","7,224.35",1.13B,-0.71%
26/04/2017,7288.72,"7,275.64","7,302.57","7,262.32",887.07M,0.18%
25/04/2017,7275.64,"7,264.68","7,290.82","7,258.74",861.21M,0.15%
24/04/2017,7264.68,"7,114.55","7,273.90","7,114.55",1.06B,2.11%
21/04/2017,7114.55,"7,118.54","7,134.53","7,104.22",924.44M,-0.06%
20/04/2017,7118.54,"7,114.36","7,127.58","7,096.83",856.40M,0.06%
19/04/2017,7114.36,"7,147.50","7,151.18","7,114.36",1.05B,-0.46%
18/04/2017,7147.5,"7,327.59","7,327.59","7,147.50",1.07B,-2.46%
13/04/2017,7327.59,"7,348.99","7,348.99","7,298.85",738.07M,-0.29%
12/04/2017,7348.99,"7,365.50","7,402.42","7,348.84",915.89M,-0.22%
11/04/2017,7365.5,"7,348.94","7,406.35","7,332.59",820.61M,0.23%
10/04/2017,7348.94,"7,349.37","7,359.25","7,337.01",689.47M,-0.01%
07/04/2017,7349.37,"7,303.20","7,349.37","7,284.73",804.73M,0.63%
06/04/2017,7303.2,"7,331.68","7,331.68","7,258.11",912.35M,-0.39%
05/04/2017,7331.68,"7,321.82","7,362.59","7,321.82",772.84M,0.13%
04/04/2017,7321.82,"7,282.69","7,324.60","7,282.69",810.27M,0.54%
03/04/2017,7282.69,"7,322.92","7,350.30","7,280.76",769.00M,-0.55%
31/03/2017,7322.92,"7,369.52","7,369.55","7,322.92",986.61M,-0.63%
30/03/2017,7369.52,"7,373.72","7,384.80","7,340.25",784.50M,-0.06%
29/03/2017,7373.72,"7,343.42","7,373.72","7,313.90",803.45M,0.41%
28/03/2017,7343.42,"7,293.50","7,349.59","7,285.80",815.61M,0.68%
27/03/2017,7293.5,"7,336.82","7,336.82","7,255.78",802.85M,-0.59%
24/03/2017,7336.82,"7,340.71","7,351.60","7,322.86",652.71M,-0.05%
23/03/2017,7340.71,"7,324.72","7,346.40","7,307.65",807.60M,0.22%
22/03/2017,7324.72,"7,378.34","7,378.40","7,301.83",932.57M,-0.73%
21/03/2017,7378.34,"7,429.81","7,440.85","7,360.67",873.16M,-0.69%
20/03/2017,7429.81,"7,424.96","7,433.68","7,399.97",629.94M,0.07%
17/03/2017,7424.96,"7,415.95","7,447.00","7,402.64",1.56B,0.12%
16/03/2017,7415.95,"7,368.64","7,444.62","7,368.64",1.12B,0.64%
15/03/2017,7368.64,"7,357.85","7,383.33","7,357.58",845.71M,0.15%
14/03/2017,7357.85,"7,367.08","7,386.17","7,339.27",868.57M,-0.13%
13/03/2017,7367.08,"7,343.08","7,377.41","7,342.02",708.55M,0.33%
10/03/2017,7343.08,"7,314.96","7,373.00","7,314.96",948.17M,0.38%
09/03/2017,7314.96,"7,334.61","7,336.26","7,263.62",1.08B,-0.27%
08/03/2017,7334.61,"7,338.99","7,354.47","7,315.86",893.03M,-0.06%
07/03/2017,7338.99,"7,350.12","7,363.74","7,335.27",870.64M,-0.15%
06/03/2017,7350.12,"7,374.26","7,374.26","7,338.94",758.39M,-0.33%
03/03/2017,7374.26,"7,382.35","7,382.36","7,353.64",876.91M,-0.11%
02/03/2017,7382.35,"7,382.90","7,394.61","7,372.68",955.78M,-0.01%
01/03/2017,7382.9,"7,263.44","7,383.05","7,263.44",1.07B,1.64%
28/02/2017,7263.44,"7,253.00","7,284.20","7,246.60",1.01B,0.14%
27/02/2017,7253.0,"7,243.70","7,285.19","7,239.66",856.82M,0.13%
24/02/2017,7243.7,"7,271.37","7,271.86","7,192.45",881.80M,-0.38%
23/02/2017,7271.37,"7,302.25","7,310.05","7,262.94",1.10B,-0.42%
22/02/2017,7302.25,"7,274.83","7,314.26","7,274.71",1.18B,0.38%
21/02/2017,7274.83,"7,299.86","7,318.98","7,267.49",924.70M,-0.34%
20/02/2017,7299.86,"7,299.96","7,329.56","7,283.29",655.61M,0.00%
17/02/2017,7299.96,"7,277.92","7,307.14","7,253.16",826.58M,0.30%
16/02/2017,7277.92,"7,302.41","7,302.41","7,260.74",705.21M,-0.34%
15/02/2017,7302.41,"7,268.56","7,313.44","7,268.56",738.32M,0.47%
14/02/2017,7268.56,"7,278.92","7,292.65","7,251.81",779.70M,-0.14%
13/02/2017,7278.92,"7,258.75","7,298.47","7,257.67",665.38M,0.28%
10/02/2017,7258.75,"7,229.50","7,274.80","7,229.45",902.73M,0.40%
09/02/2017,7229.5,"7,188.82","7,238.74","7,183.14",805.92M,0.57%
08/02/2017,7188.82,"7,186.22","7,195.94","7,147.18",963.91M,0.04%
07/02/2017,7186.22,"7,172.15","7,227.22","7,159.57",793.59M,0.20%
06/02/2017,7172.15,"7,188.30","7,208.73","7,165.17",633.43M,-0.22%
03/02/2017,7188.3,"7,140.75","7,202.37","7,133.63",810.15M,0.67%
02/02/2017,7140.75,"7,107.65","7,163.94","7,093.57",907.25M,0.47%
01/02/2017,7107.65,"7,099.15","7,170.24","7,099.15",809.59M,0.12%
31/01/2017,7099.15,"7,118.48","7,162.53","7,099.15",983.51M,-0.27%
30/01/2017,7118.48,"7,184.49","7,184.70","7,105.67",915.51M,-0.92%
27/01/2017,7184.49,"7,161.49","7,184.73","7,150.76",903.60M,0.32%
26/01/2017,7161.49,"7,164.43","7,184.75","7,151.34",933.67M,-0.04%
25/01/2017,7164.43,"7,150.34","7,205.68","7,150.34",1.02B,0.20%
24/01/2017,7150.34,"7,151.18","7,190.15","7,144.44",1.10B,-0.01%
23/01/2017,7151.18,"7,198.44","7,198.44","7,131.46",736.25M,-0.66%
20/01/2017,7198.44,"7,208.44","7,221.01","7,193.73",819.06M,-0.14%
19/01/2017,7208.44,"7,247.61","7,249.63","7,191.67",771.56M,-0.54%
18/01/2017,7247.61,"7,220.38","7,260.47","7,218.41",820.14M,0.38%
17/01/2017,7220.38,"7,327.13","7,329.27","7,220.38",879.28M,-1.46%
16/01/2017,7327.13,"7,337.81","7,354.14","7,320.47",633.74M,-0.15%
13/01/2017,7337.81,"7,292.37","7,338.49","7,292.37",836.37M,0.62%
12/01/2017,7292.37,"7,290.49","7,302.34","7,263.42",857.07M,0.03%
11/01/2017,7290.49,"7,275.47","7,328.51","7,257.15",905.71M,0.21%
10/01/2017,7275.47,"7,237.77","7,284.81","7,237.29",961.63M,0.52%
09/01/2017,7237.77,"7,210.05","7,243.76","7,207.40",725.81M,0.38%
06/01/2017,7210.05,"7,195.31","7,210.05","7,180.64",715.80M,0.20%
05/01/2017,7195.31,"7,189.74","7,211.96","7,172.77",792.50M,0.08%
04/01/2017,7189.74,"7,177.89","7,189.74","7,168.77",765.00M,0.17%
03/01/2017,7177.89,"7,142.83","7,205.45","7,142.83",820.16M,0.49%
